1,Accept,Прийняти,Принять,Aceptar,2022-10-25 21:09:52,2022-10-25 21:09:52
2,Achieve,Досягти,Достичь,Lograr,2022-10-25 21:09:52,2022-10-25 21:09:52
3,Admit,Визнати,Признать,Admitir,2022-10-25 21:09:52,2022-10-25 21:09:52
4,Affect,Вплинути,Влиять,Afectar,2022-10-25 21:09:52,2022-10-25 21:09:52
5,Afford,Дозволити,Позволить,Pagar,2022-10-25 21:09:52,2022-10-25 21:09:52
6,Agree,Погодитися,Согласиться,De Acuerdo,2022-10-25 21:09:52,2023-03-06 13:17:24
7,Allow,Дозволити,Разрешить,Permitir,2022-10-25 21:09:52,2022-10-25 21:09:52
8,Answer,Відповісти,Ответить,Responder,2022-10-25 21:09:52,2022-10-25 21:09:52
9,Apply,Застосувати,Применить,Aplicar,2022-10-25 21:09:52,2022-10-25 21:09:52
10,Argue,Затверджувати,Утверждать,Argumentar,2022-10-25 21:09:52,2022-10-25 21:09:52
11,Arrange,Упорядкувати,Упорядочить,Organizar,2022-10-25 21:09:52,2022-10-25 21:09:52
12,Arrive,Прибути,Прибыть,Llegar,2022-10-25 21:09:52,2022-10-25 21:09:52
13,Ask,Запитати,Спросить,Preguntar,2022-10-25 21:09:52,2022-10-25 21:09:52
14,Avoid,Уникнути,Избежать,Evitar,2022-10-25 21:09:52,2022-10-25 21:09:52
15,Become,Стати,Стать,Convertirse,2022-10-25 21:09:52,2022-10-25 21:09:52
16,Begin,Почати,Начать,Comenzar,2022-10-25 21:09:52,2022-10-25 21:09:52
17,Believe,Вірити,Верить,Creer,2022-10-25 21:09:52,2022-10-25 21:09:52
18,Build,Побудувати,Построить,Construir,2022-10-25 21:09:52,2022-10-25 21:09:52
19,Buy,Купити,Купить,Comprar,2022-10-25 21:09:52,2022-10-25 21:09:52
20,Call,Зателефонувати,Позвонить,Llamar,2022-10-25 21:09:52,2022-10-25 21:09:52
21,Care,Догляд,Уход,Cuidar,2022-10-25 21:09:52,2022-10-25 21:09:52
22,Carry,Нести,Нести,Llevar,2022-10-25 21:09:52,2022-10-25 21:09:52
23,Catch,Зловити,Поймать,Atrapar,2022-10-25 21:09:52,2022-10-25 21:09:52
24,Cause,Причина,Причина,Causar,2022-10-25 21:09:52,2022-10-25 21:09:52
25,Change,Змінити,Изменить,Cambiar,2022-10-25 21:09:52,2022-10-25 21:09:52
26,Check,Перевірити,Проверить,Comprobar,2022-10-25 21:09:52,2022-10-25 21:09:52
27,Choose,Вибрати,Выбрать,Elegir,2022-10-25 21:09:52,2023-03-06 13:17:24
28,Clear,Очистити,Очистить,Borrar,2022-10-25 21:09:52,2023-03-06 13:17:24
29,Clean,Очистити,Очистить,Limpiar,2022-10-25 21:09:52,2023-03-06 13:17:24
30,Collect,Зібрати,Собрать,Recoger,2022-10-25 21:09:52,2023-03-06 13:17:24
31,Come,Прийти,Прийти,Venir,2022-10-25 21:09:52,2023-03-06 13:17:24
32,Complain,Поскаржитися,Пожаловаться,Quejarse,2022-10-25 21:09:52,2023-03-06 13:17:24
33,Complete,Завершити,Завершить,Completar,2022-10-25 21:09:52,2023-03-06 13:17:24
34,Consist,Складати,Состоять,Consistir,2022-10-25 21:09:52,2023-03-06 13:17:24
35,Contain,Утримувати,Содержать,Contener,2022-10-25 21:09:52,2023-03-06 13:17:24
36,Continue,Продовжити,Продолжить,Continuar,2022-10-25 21:09:52,2023-03-06 13:17:24
37,Contribute,Внести,Внести,Contribuir,2022-10-25 21:09:52,2023-03-06 13:17:24
38,Control,Контроль,Контроль,Controlar,2022-10-25 21:09:52,2023-03-06 13:17:24
39,Correct,Виправити,Исправить,Corregir,2022-10-25 21:09:52,2023-03-06 13:17:24
40,Cost,Вартість,Стоимость,Costar,2022-10-25 21:09:52,2023-03-06 13:17:24
41,Could,Може,Может,Podría,2022-10-25 21:09:52,2023-03-06 13:17:24
42,Enjoy,Насолоджуйтесь,Наслаждайтесь,Disfrutar,2022-10-25 21:09:52,2023-03-06 13:17:24
43,Create,Створити,Создать,Crear,2022-10-25 21:09:52,2023-03-06 13:17:24
44,Exist,Існувати,Существовать,Existir,2022-10-25 21:09:52,2023-03-06 13:17:24
45,Cross,Хрест,Крест,Cruzar,2022-10-25 21:09:52,2023-03-06 13:17:24
46,Expect,Очікувати,Ожидать,Esperar,2022-10-25 21:09:52,2023-03-06 13:17:24
47,Cut,Вирізати,Вырезать,Cortar,2022-10-25 21:09:52,2023-03-06 13:17:24
48,Experience,Досвід,Опыт,Experimentar,2022-10-25 21:09:52,2023-03-06 13:17:24
49,Damage,Збитки,Ущерб,Dañar,2022-10-25 21:09:52,2023-03-06 13:17:24
50,Explain,Пояснити,Объяснить,Explicar,2022-10-25 21:09:52,2023-03-06 13:17:24
51,Deal,Угода,Сделка,Repartir,2022-10-25 21:09:52,2022-10-25 21:09:52
52,Express,Експрес,Экспресс,Expresar,2022-10-25 21:09:52,2022-10-25 21:09:52
53,Deliver,Доставити,Доставить,Entregar,2022-10-25 21:09:52,2022-10-25 21:09:52
54,Face,Обличчя,Лицо,Enfrentar,2022-10-25 21:09:52,2022-10-25 21:09:52
55,Deny,Заборонити,Запретить,Negar,2022-10-25 21:09:52,2022-10-25 21:09:52
56,Fall,Падати,Падать,Caer,2022-10-25 21:09:52,2022-10-25 21:09:52
57,Depend,Залежати,Зависеть,Depender,2022-10-25 21:09:52,2022-10-25 21:09:52
58,Feel,Відчути,Почувствовать,Sentir,2022-10-25 21:09:52,2022-10-25 21:09:52
59,Describe,Описати,Описать,Describir,2022-10-25 21:09:52,2022-10-25 21:09:52
60,Find,Знайти,Найти,Encontrar,2022-10-25 21:09:52,2022-10-25 21:09:52
61,Destroy,Знищити,Уничтожить,Destruir,2022-10-25 21:09:52,2022-10-25 21:09:52
62,Finish,Закінчити,Завершить,Terminar,2022-10-25 21:09:52,2022-10-25 21:09:52
63,Develop,Розробити,Разработать,Desarrollar,2022-10-25 21:09:53,2022-10-25 21:09:53
64,Fly,Літати,Летать,Volar,2022-10-25 21:09:53,2022-10-25 21:09:53
65,Disappear,Зникнути,Исчезнуть,Desaparecer,2022-10-25 21:09:53,2022-10-25 21:09:53
66,Follow,Слідувати,Следовать,Seguir,2022-10-25 21:09:53,2022-10-25 21:09:53
67,Discover,Виявити,Обнаружить,Descubrir,2022-10-25 21:09:53,2022-10-25 21:09:53
68,Forget,Забути,Забыть,Olvidar,2022-10-25 21:09:53,2022-10-25 21:09:53
69,Do,Робити,Делать,Hacer,2022-10-25 21:09:53,2022-10-25 21:09:53
70,Forgive,Пробачити,Простить,Perdonar,2022-10-25 21:09:53,2022-10-25 21:09:53
71,Dress,Одягнути,Одеть,Vestir,2022-10-25 21:09:53,2022-10-25 21:09:53
72,Form,Форма,Форма,Formar,2022-10-25 21:09:53,2022-10-25 21:09:53
73,Drink,Пити,Пить,Beber,2022-10-25 21:09:53,2022-10-25 21:09:53
74,Get,Отримати,Получить,Obtener,2022-10-25 21:09:53,2022-10-25 21:09:53
75,Drive,Водіння,Вождение,Conducir,2022-10-25 21:09:53,2022-10-25 21:09:53
76,Give,Дайте,Дайте,Dar,2022-10-25 21:09:53,2022-10-25 21:09:53
77,Eat,Їжте,Ешьте,Comer,2022-10-25 21:09:53,2023-03-06 13:20:13
78,Go,Йдіть,Идите,Ir,2022-10-25 21:09:53,2023-03-06 13:20:13
79,Encourage,Заохочуйте,Поощряйте,Animar,2022-10-25 21:09:53,2023-03-06 13:20:13
80,Grow,Рости,Расти,Crecer,2022-10-25 21:09:53,2023-03-06 13:20:13
81,Happen,Трапляйтеся,Случайтесь,Ocurrir,2022-10-25 21:09:53,2023-03-06 13:20:13
82,Learn,Дізнавайтеся,Узнавайте,Aprender,2022-10-25 21:09:53,2023-03-06 13:20:13
83,Have,Майте,Имейте,Tener,2022-10-25 21:09:53,2023-03-06 13:20:13
84,Leave,Залишіть,Оставьте,Dejar,2022-10-25 21:09:53,2023-03-06 13:20:13
85,Hear,Чуйте,Слышайте,Escuchar,2022-10-25 21:09:53,2023-03-06 13:20:13
86,Lend,Позичайте,Одалживайте,Prestar,2022-10-25 21:09:53,2023-03-06 13:20:13
87,Help,Допомагайте,Помогайте,Ayudar,2022-10-25 21:09:53,2023-03-06 13:20:13
88,Like,Подобається,Нравится,Me Gusta,2022-10-25 21:09:53,2023-03-06 13:20:13
89,Hide,Приховуйте,Скрывайте,Ocultar,2022-10-25 21:09:53,2023-03-06 13:20:13
90,Limit,Обмежуйте,Ограничивайте,Limitar,2022-10-25 21:09:53,2023-03-06 13:20:13
91,Hold,Утримуйте,Удерживайте,Retener,2022-10-25 21:09:53,2023-03-06 13:20:13
92,Listen,Слухайте,Слушайте,Escuchar,2022-10-25 21:09:53,2023-03-06 13:20:13
93,Hope,Сподівайтеся,Надейтесь,Esperar,2022-10-25 21:09:53,2023-03-06 13:20:13
94,Live,Живіть,Живите,Vivir,2022-10-25 21:09:53,2023-03-06 13:20:13
95,Identity,Особистість,Личность,Identidad,2022-10-25 21:09:53,2023-03-06 13:20:13
96,Look,Дивіться,Смотрите,Mirar,2022-10-25 21:09:53,2023-03-06 13:20:13
97,Imagine,Уявляйте,Воображайте,Imaginar,2022-10-25 21:09:53,2023-03-06 13:20:13
98,Love,Любіть,Любите,Amar,2022-10-25 21:09:53,2023-03-06 13:20:13
99,Improve,Покращуйте,Улучшайте,Mejorar,2022-10-25 21:09:53,2022-10-25 21:09:53
100,Make,Робіть,Делайте,Hacer,2022-10-25 21:09:53,2022-10-25 21:09:53
101,Increase,Збільшити,Увеличить,Aumentar,2022-10-25 21:09:53,2022-10-25 21:09:53
102,Matter,Матерія,Материя,Importar,2022-10-25 21:09:53,2022-10-25 21:09:53
103,Influence,Вплив,Влияние,Influencia,2022-10-25 21:09:53,2022-10-25 21:09:53
104,Mean,Середнє,Среднее,Significar,2022-10-25 21:09:53,2022-10-25 21:09:53
105,Inform,Інформувати,Информировать,Informar,2022-10-25 21:09:53,2022-10-25 21:09:53
106,Measure,Виміряти,Измерить,Medir,2022-10-25 21:09:53,2022-10-25 21:09:53
107,Invite,Запросити,Пригласить,Invitar,2022-10-25 21:09:53,2022-10-25 21:09:53
108,Meet,Зустрітися,Встретиться,Conocer,2022-10-25 21:09:53,2022-10-25 21:09:53
109,Involve,Залучити,Вовлечь,Involucrar,2022-10-25 21:09:53,2022-10-25 21:09:53
110,Mention,Згадати,Упомянуть,Mencionar,2022-10-25 21:09:53,2022-10-25 21:09:53
111,Join,Приєднатися,Присоединиться,Unirse,2022-10-25 21:09:53,2022-10-25 21:09:53
112,Mind,Розум,Разум,Mente,2022-10-25 21:09:53,2022-10-25 21:09:53
113,Keep,Зберегти,Сохранить,Mantener,2022-10-25 21:09:53,2022-10-25 21:09:53
114,Move,Перемістити,Переместить,Mover,2022-10-25 21:09:53,2022-10-25 21:09:53
115,Know,Знати,Знать,Saber,2022-10-25 21:09:53,2022-10-25 21:09:53
116,Must,Повинен,Должен,Debe,2022-10-25 21:09:53,2022-10-25 21:09:53
117,Last,Останній,Последний,Último,2022-10-25 21:09:53,2022-10-25 21:09:53
118,Need,Потреба,Потребность,Necesitar,2022-10-25 21:09:53,2022-10-25 21:09:53
119,Laugh,Сміятися,Смеяться,Reír,2022-10-25 21:09:53,2022-10-25 21:09:53
120,Offer,Запропонувати,Предложить,Oferta,2022-10-25 21:09:53,2022-10-25 21:09:53
121,Open,Відкрити,Открыть,Abrir,2022-10-25 21:09:53,2022-10-25 21:09:53
122,Regard,Поважати,Уважать,Considerar,2022-10-25 21:09:53,2022-10-25 21:09:53
123,Order,Замовити,Заказать,Ordenar,2022-10-25 21:09:53,2022-10-25 21:09:53
124,Relate,Зв'язати,Связать,Relacionar,2022-10-25 21:09:53,2022-10-25 21:09:53
125,Own,Власний,Собственный,Poseer,2022-10-25 21:09:53,2022-10-25 21:09:53
126,Release,Випустити,Выпустить,Liberar,2022-10-25 21:09:53,2022-10-25 21:09:53
127,Pay,Оплатити,Оплатить,Pagar,2022-10-25 21:09:53,2022-10-25 21:09:53
128,Remember,Запам'ятати,Запомнить,Recordar,2022-10-25 21:09:53,2022-10-25 21:09:53
129,Perform,Виконати,Выполнить,Realizar,2022-10-25 21:09:53,2022-10-25 21:09:53
130,Remove,Видалити,Удалить,Quitar,2022-10-25 21:09:53,2022-10-25 21:09:53
131,Play,Відтворити,Воспроизвести,Jugar,2022-10-25 21:09:53,2022-10-25 21:09:53
132,Repeat,Повторити,Повторить,Repetir,2022-10-25 21:09:53,2022-10-25 21:09:53
133,Point,Вказати,Указать,Apuntar,2022-10-25 21:09:53,2022-10-25 21:09:53
134,Replace,Замінити,Заменить,Reemplazar,2022-10-25 21:09:53,2022-10-25 21:09:53
135,Prefer,Віддати Перевагу,Предпочитать,Preferir,2022-10-25 21:09:53,2023-03-06 13:20:14
136,Reply,Відповісти,Ответить,Responder,2022-10-25 21:09:53,2022-10-25 21:09:53
137,Prepare,Підготувати,Подготовить,Preparar,2022-10-25 21:09:53,2022-10-25 21:09:53
138,Report,Звіт,Отчет,Informe,2022-10-25 21:09:53,2022-10-25 21:09:53
139,Press,Натисніть,Нажмите,Presionar,2022-10-25 21:09:53,2022-10-25 21:09:53
140,Result,Результат,Результат,Resultado,2022-10-25 21:09:53,2022-10-25 21:09:53
141,Prevent,Запобігти,Предотвратить,Evitar,2022-10-25 21:09:53,2022-10-25 21:09:53
142,Return,Повернення,Возврат,Devolver,2022-10-25 21:09:53,2022-10-25 21:09:53
143,Produce,Зробити,Произвести,Producir,2022-10-25 21:09:53,2022-10-25 21:09:53
144,Reveal,Виявити,Выявить,Revelar,2022-10-25 21:09:53,2022-10-25 21:09:53
145,Protect,Захистити,Защитить,Proteger,2022-10-25 21:09:53,2022-10-25 21:09:53
146,Rise,Підняти,Поднять,Subir,2022-10-25 21:09:53,2022-10-25 21:09:53
147,Provide,Надати,Предоставить,Proporcionar,2022-10-25 21:09:53,2022-10-25 21:09:53
148,Run,Запустити,Запустить,Ejecutar,2022-10-25 21:09:53,2022-10-25 21:09:53
149,Push,Натиснути,Нажать,Empujar,2022-10-25 21:09:53,2022-10-25 21:09:53
150,Save,Зберегти,Сохранить,Guardar,2022-10-25 21:09:53,2022-10-25 21:09:53
151,Reach,Досягайте,Достигайте,Alcanzar,2022-10-25 21:09:53,2022-10-25 21:09:53
152,Say,Говорити,Говорите,Decir,2022-10-25 21:09:53,2023-03-06 13:17:24
153,Read,Читайте,Читайте,Leer,2022-10-25 21:09:53,2023-03-06 13:20:14
154,See,Дивіться,Смотрите,Ver,2022-10-25 21:09:53,2023-03-06 13:20:14
155,Receive,Отримуйте,Получайте,Recibir,2022-10-25 21:09:53,2023-03-06 13:20:14
156,Sell,Продавайте,Продавайте,Vender,2022-10-25 21:09:53,2023-03-06 13:20:14
157,Record,Записуйте,Записывайте Ord,Grabar Ord,2022-10-25 21:09:53,2023-03-06 13:20:14
158,Send,Надіслати,Отправить,Enviar,2022-10-25 21:09:53,2022-10-25 21:09:53
159,Reduce,Зменшити,Уменьшить,Reducir,2022-10-25 21:09:53,2022-10-25 21:09:53
160,Set,Встановити,Установить,Establecer,2022-10-25 21:09:53,2022-10-25 21:09:53
161,Share,Поділитися,Поделиться,Compartir,2022-10-25 21:09:53,2022-10-25 21:09:53
162,Tell,Розповісти,Рассказать,Decir,2022-10-25 21:09:53,2022-10-25 21:09:53
163,Shoot,Стріляти,Стрелять,Disparar,2022-10-25 21:09:53,2022-10-25 21:09:53
164,Tend,Тенденція,Тенденция,Cuidar,2022-10-25 21:09:53,2022-10-25 21:09:53
165,Show,Показати,Показать,Mostrar,2022-10-25 21:09:53,2022-10-25 21:09:53
166,Think,Думати,Думать,Pensar,2022-10-25 21:09:53,2022-10-25 21:09:53
167,Sing,Співати,Петь,Cantar,2022-10-25 21:09:53,2022-10-25 21:09:53
168,Throw,Кидати,Бросать,Lanzar,2022-10-25 21:09:53,2022-10-25 21:09:53
169,Sit,Сидіти,Сидеть,Sentarse,2022-10-25 21:09:53,2022-10-25 21:09:53
170,Touch,Торкатися,Прикасаться,Tocar,2022-10-25 21:09:53,2022-10-25 21:09:53
171,Sleep,Сон,Сон,Dormir,2022-10-25 21:09:53,2022-10-25 21:09:53
172,Train,Поїзд,Поезд,Entrenar,2022-10-25 21:09:53,2022-10-25 21:09:53
173,Smile,Посмішка,Улыбка,Sonreír,2022-10-25 21:09:53,2022-10-25 21:09:53
174,Travel,Подорожувати,Путешествовать,Viajar,2022-10-25 21:09:53,2022-10-25 21:09:53
175,Sound,Звук,Звук,Sonido,2022-10-25 21:09:53,2022-10-25 21:09:53
176,Treat,Лікувати,Лечить,Tratar,2022-10-25 21:09:53,2022-10-25 21:09:53
177,Speak,Говорити,Говорить,Hablar,2022-10-25 21:09:53,2022-10-25 21:09:53
178,Try,Спробувати,Попробовать,Probar,2022-10-25 21:09:53,2022-10-25 21:09:53
179,Stand,Встати,Встать,Pararse,2022-10-25 21:09:53,2022-10-25 21:09:53
180,Turn,Повернути,Повернуть,Girar,2022-10-25 21:09:53,2022-10-25 21:09:53
181,Start,Почати,Начать,Iniciar,2022-10-25 21:09:53,2022-10-25 21:09:53
182,Understand,Зрозумійте,Поймите,Entender,2022-10-25 21:09:53,2022-10-25 21:09:53
183,State,Заявіть,Заявите,Estado,2022-10-25 21:09:53,2023-03-06 13:20:14
184,Use,Використовуйте,Используйте,Usar,2022-10-25 21:09:53,2023-03-06 13:20:14
185,Study,Вивчіть,Изучите,Estudiar,2022-10-25 21:09:53,2023-03-06 13:20:14
186,Visit,Відвідайте,Посетите,Visitar,2022-10-25 21:09:53,2023-03-06 13:20:14
187,Succeed,Процвітайте,Преуспейте,Tener Éxito,2022-10-25 21:09:53,2023-03-06 13:20:14
188,Wait,Чекайте,Ждите,Esperar,2022-10-25 21:09:53,2023-03-06 13:20:14
189,Suggest,Пропонуйте,Предлагайте,Sugerir,2022-10-25 21:09:53,2023-03-06 13:20:14
190,Want,Хочете,Хотите,Querer,2022-10-25 21:09:53,2023-03-06 13:20:14
191,Supply,Поставляйте,Поставляйте,Suministrar,2022-10-25 21:09:53,2023-03-06 13:20:14
192,Walk,Гуляйте,Гуляйте,Caminar,2022-10-25 21:09:53,2023-03-06 13:20:14
193,Suppose,Припустіть,Предположите,Suponer,2022-10-25 21:09:53,2023-03-06 13:20:14
194,Watch,Дивіться,Смотрите,Observar,2022-10-25 21:09:53,2023-03-06 13:20:14
195,Survive,Виживайте,Выживайте,Sobrevivir,2022-10-25 21:09:53,2023-03-06 13:20:14
196,Win,Вигравайте,Выигрывайте,Ganar,2022-10-25 21:09:53,2023-03-06 13:20:14
197,Take,Беріть,Берите,Tomar,2022-10-25 21:09:53,2023-03-06 13:20:14
198,Wonder,У Дивуйтесь,Удивляйтесь,Maravillarse,2022-10-25 21:09:53,2023-03-06 13:20:14
199,Talk,Розмовляйте,Разговаривайте,Hablar,2022-10-25 21:09:53,2023-03-06 13:20:14
200,Write,Пишіть,Пишите,Escribir,2022-10-25 21:09:53,2023-03-06 13:20:14
201,Guess,Вгадуйте,Угадывайте,Adivinar,2022-10-25 21:09:53,2023-03-06 13:20:14
202,Harass,Переслідуйте,Преследуйте,Acosar,2022-10-25 21:09:53,2023-03-06 13:20:14
203,Add,Додавайте,Добавляйте,Agregar,2022-10-25 21:09:53,2023-03-06 13:20:14
204,Hate,Ненавидьте,Ненавидьте,Odiar,2022-10-25 21:09:53,2023-03-06 13:20:14
205,Admire,Захоплюйтесь,Восхищайтесь,Admirar,2022-10-25 21:09:53,2023-03-06 13:20:14
206,Adopt,Приймайте,Принимайте,Adoptar,2022-10-25 21:09:53,2023-03-06 13:20:14
207,Hit,Бити,Бить,Golpear,2022-10-25 21:09:53,2022-10-25 21:09:53
208,Advise,Радити,Советовать,Aconsejar,2022-10-25 21:09:53,2023-03-06 13:20:14
209,Identify,Ідентифікувати,Идентифицировать,Identificar,2022-10-25 21:09:53,2023-03-06 13:20:14
210,Interrupt,Переривати,Прерывать,Interrumpir,2022-10-25 21:09:53,2023-03-06 13:20:14
211,Announce,Оголошувати,Объявлять,Anunciar,2022-10-25 21:09:53,2023-03-06 13:20:14
212,Introduce,Уявляти,Представлять,Presentar,2022-10-25 21:09:53,2023-03-06 13:20:14
213,Appreciate,Цінувати,Ценить,Apreciar,2022-10-25 21:09:53,2023-03-06 13:20:14
214,Irritate,Дратувати,Раздражать,Irritar,2022-10-25 21:09:53,2023-03-06 13:20:14
215,Approve,Схвалювати,Одобрять,Aprobar,2022-10-25 21:09:53,2023-03-06 13:20:14
216,Jump,Стрибати,Прыгать,Saltar,2022-10-25 21:09:53,2023-03-06 13:20:14
217,Kick,Штовхати,Пинать,Patear,2022-10-25 21:09:53,2023-03-06 13:20:14
218,Kiss,Цілувати,Целовать,Besar,2022-10-25 21:09:53,2023-03-06 13:20:14
219,Assist,Допомагати,Помогать,Ayudar,2022-10-25 21:09:53,2023-03-06 13:20:14
220,Attack,Атакувати,Атаковать,Atacar,2022-10-25 21:09:53,2023-03-06 13:20:14
221,Bake,Спекти,Испечь,Hornear,2022-10-25 21:09:53,2023-03-06 13:20:14
222,Bathe,Купатися,Купаться,Bañarse,2022-10-25 21:09:53,2023-03-06 13:20:14
223,Be,Бути,Быть,Ser,2022-10-25 21:09:53,2023-03-06 13:20:14
224,Lie,Брехати,Лгать,Mentir,2022-10-25 21:09:53,2023-03-06 13:20:14
225,Beat,Бити,Бить,Golpear,2022-10-25 21:09:53,2023-03-06 13:20:14
226,Beg,Благати,Умолять,Mendigar,2022-10-25 21:09:53,2023-03-06 13:20:14
227,Lose,Втрачати,Терять,Perder,2022-10-25 21:09:53,2023-03-06 13:20:14
228,Behave,Поводитися,Вести Себя,Comportarse,2022-10-25 21:09:53,2023-03-06 13:20:14
229,Bet,Робити Ставки,Делать Ставки,Apostar,2022-10-25 21:09:53,2023-03-06 13:20:14
230,Boast,Хвалитися,Хвастаться,Presumir,2022-10-25 21:09:53,2023-03-06 13:20:14
231,Marry,Одружуватися,Жениться,Casarse,2022-10-25 21:09:53,2023-03-06 13:20:14
232,Boil,Варити,Варить,Hervir,2022-10-25 21:09:53,2022-10-25 21:09:53
233,Borrow,Позичати,Брать Взаймы,Pedir Prestado,2022-10-25 21:09:53,2023-03-06 13:20:14
234,Breathe,Дихати,Дышать,Respirar,2022-10-25 21:09:53,2023-03-06 13:20:14
235,Bring,Приносити,Приносить,Traer,2022-10-25 21:09:53,2023-03-06 13:20:14
236,Murder,Вбивати,Убивать,Asesinar,2022-10-25 21:09:53,2023-03-06 13:20:14
237,Obey,Підкорятися,Подчиняться,Obedecer,2022-10-25 21:09:53,2023-03-06 13:20:14
238,Burn,Спалювати,Сжигать,Quemar,2022-10-25 21:09:53,2023-03-06 13:20:14
239,Offend,Ображати,Оскорблять,Ofender,2022-10-25 21:09:53,2023-03-06 13:20:14
240,Bury,Закопувати,Закапывать,Enterrar,2022-10-25 21:09:53,2023-03-06 13:20:14
241,Paint,Малювати,Рисовать,Pintar,2022-10-25 21:09:53,2023-03-06 13:20:14
242,Challenge,Кидати Виклик,Бросать Вызов,Desafiar,2022-10-25 21:09:53,2023-03-06 13:20:14
243,Pick,Вибирати,Выбирать,Elegir,2022-10-25 21:09:53,2023-03-06 13:20:14
244,Cheat,Обманювати,Обманывать,Engañar,2022-10-25 21:09:53,2023-03-06 13:20:14
245,Pray,Молитися,Молиться,Orar,2022-10-25 21:09:53,2023-03-06 13:20:14
246,Chew,Жувати,Жевать,Masticar,2022-10-25 21:09:53,2023-03-06 13:20:14
247,Print,Друкувати,Печатать,Imprimir,2022-10-25 21:09:53,2023-03-06 13:20:14
248,Pull,Тягнути,Тянуть,Tirar,2022-10-25 21:09:53,2023-03-06 13:20:14
249,Clap,Плескати,Хлопать,Aplaudir,2022-10-25 21:09:53,2023-03-06 13:20:14
250,Punch,Бити,Бить,Golpear,2022-10-25 21:09:53,2023-03-06 13:20:14
251,Punish,Карати,Наказывать,Castigar,2022-10-25 21:09:53,2023-03-06 13:20:14
252,Purchase,Купувати,Покупать,Comprar,2022-10-25 21:09:53,2023-03-06 13:20:14
253,Compare,Порівнювати,Сравнивать,Comparar,2022-10-25 21:09:53,2023-03-06 13:20:14
254,Quit,Кинути,Бросить,Salir,2022-10-25 21:09:53,2023-03-06 13:20:14
255,Confess,Сповідатися,Исповедоваться,Confesar,2022-10-25 21:09:53,2023-03-06 13:20:14
256,Race,Гонка,Гонка,Carrera,2022-10-25 21:09:53,2023-03-06 13:20:14
257,Confuse,Заплутати,Запутать,Confundir,2022-10-25 21:09:53,2022-10-25 21:09:53
258,Construct,Побудувати,Построить,Construir,2022-10-25 21:09:53,2023-03-06 13:20:14
259,Relax,Розслабитися,Расслабиться,Relajarse,2022-10-25 21:09:53,2023-03-06 13:20:14
260,Copy,Скопіювати,Скопировать,Copiar,2022-10-25 21:09:53,2023-03-06 13:20:14
261,Count,Підрахувати,Подсчитать,Contar,2022-10-25 21:09:53,2023-03-06 13:20:14
262,Retire,Піти У Відставку,Уйти В Отставку,Retirar,2022-10-25 21:09:53,2023-03-06 13:20:14
263,Rub,Розтерти,Растереть,Frotar,2022-10-25 21:09:53,2023-03-06 13:20:14
264,Cry,Плакати,Плакать,Llorar,2022-10-25 21:09:53,2023-03-06 13:20:14
265,Select,Вибрати,Выбрать,Seleccionar,2022-10-25 21:09:53,2023-03-06 13:20:14
266,Dance,Танцювати,Танцевать,Bailar,2022-10-25 21:09:53,2023-03-06 13:20:14
267,Disagree,Не Погоджуватися,Не Соглашаться,No Estar De Acuerdo,2022-10-25 21:09:53,2023-03-06 13:20:14
268,Snore,Хропіти,Храпеть,Roncar,2022-10-25 21:09:53,2023-03-06 13:20:14
269,Drag,Перетягувати,Перетаскивать,Arrastrar,2022-10-25 21:09:53,2023-03-06 13:20:14
270,Stare,Дивитися,Смотреть,Mirar Fijamente,2022-10-25 21:09:53,2023-03-06 13:20:14
271,Drop,Кидати,Бросать,Soltar,2022-10-25 21:09:53,2023-03-06 13:20:14
272,Earn,Заробляти,Зарабатывать,Ganar,2022-10-25 21:09:53,2023-03-06 13:20:14
273,Stink,Смердити,Вонять,Apestar,2022-10-25 21:09:53,2023-03-06 13:20:14
274,Employ,Використовувати,Использовать,Emplear,2022-10-25 21:09:53,2023-03-06 13:20:14
275,Sweep,Підмітати,Подметать,Barrer,2022-10-25 21:09:53,2023-03-06 13:20:14
276,Swim,Плавати,Плавать,Nadar,2022-10-25 21:09:53,2023-03-06 13:20:14
277,Establish,Встановлювати,Устанавливать,Establecer,2022-10-25 21:09:53,2023-03-06 13:20:14
278,Estimate,Оцінювати,Оценивать,Estimar,2022-10-25 21:09:53,2023-03-06 13:20:14
279,Teach,Вчити,Учить,Enseñar,2022-10-25 21:09:53,2023-03-06 13:20:14
280,Exercise,Вправлятися,Упражняться,Ejercitar,2022-10-25 21:09:53,2023-03-06 13:20:14
281,Tear,Розривати,Разрывать,Rasgar,2022-10-25 21:09:53,2023-03-06 13:20:14
282,Expand,Розширити,Расширить,Expandir,2022-10-25 21:09:53,2022-10-25 21:09:53
283,Thank,Дякувати,Благодарить,Agradecer,2022-10-25 21:09:53,2022-10-25 21:09:53
284,Fear,Страх,Страх,Miedo,2022-10-25 21:09:53,2022-10-25 21:09:53
285,Type,Тип,Тип,Escribir,2022-10-25 21:09:54,2022-10-25 21:09:54
286,Fight,Боротися,Бороться,Luchar,2022-10-25 21:09:54,2022-10-25 21:09:54
287,Fry,Смажити,Жарить,Freír,2022-10-25 21:09:54,2022-10-25 21:09:54
288,Gather,Збирати,Собирать,Reunir,2022-10-25 21:09:54,2022-10-25 21:09:54
289,Warn,Попереджати,Предупреждать,Advertir,2022-10-25 21:09:54,2022-10-25 21:09:54
290,Wed,Середовище,Среда,Miércoles,2022-10-25 21:09:54,2022-10-25 21:09:54
291,Weep,Плакати,Плакать,Llorar,2022-10-25 21:09:54,2022-10-25 21:09:54
292,Glow,Світло,Свечение,Brillar,2022-10-25 21:09:54,2022-10-25 21:09:54
293,Wink,Підморгувати,Подмигивать,Guiñar,2022-10-25 21:09:54,2022-10-25 21:09:54
294,Greet,Вітати,Приветствовать,Saludar,2022-10-25 21:09:54,2022-10-25 21:09:54
295,Worry,Турбуватися,Беспокоиться,Preocuparse,2022-10-25 21:09:54,2022-10-25 21:09:54
296,Yell,Кричати,Кричать,Gritar,2022-10-25 21:09:54,2022-10-25 21:09:54
297,Ability,Здатність,Способность,Habilidad,2022-10-25 21:09:54,2022-10-25 21:09:54
298,Access,Доступ,Доступ,Acceso,2022-10-25 21:09:54,2022-10-25 21:09:54
299,Accident,Нещасний Випадок,Несчастный Случай,Accidente,2022-10-25 21:09:54,2023-03-06 13:20:14
300,Account,Обліковий Запис,Учетная Запись,Cuenta,2022-10-25 21:09:54,2023-03-06 13:20:14
301,Act,Дія,Действие,Acto,2022-10-25 21:09:54,2022-10-25 21:09:54
302,Action,Дія,Действие,Acción,2022-10-25 21:09:54,2022-10-25 21:09:54
303,Activity,Активність,Активность,Actividad,2022-10-25 21:09:54,2022-10-25 21:09:54
304,Actor,Актор,Актер,Actor,2022-10-25 21:09:54,2022-10-25 21:09:54
305,Ad,Оголошення,Объявление,Anuncio,2022-10-25 21:09:54,2022-10-25 21:09:54
306,Addition,Додаток,Дополнение,Adición,2022-10-25 21:09:54,2022-10-25 21:09:54
307,Address,Адреса,Адрес,Dirección,2022-10-25 21:09:54,2022-10-25 21:09:54
308,Administration,Адміністрація,Администрация,Administración,2022-10-25 21:09:54,2022-10-25 21:09:54
309,Advantage,Перевага,Преимущество,Ventajas,2022-10-25 21:09:54,2022-10-25 21:09:54
310,Advertising,Реклама,Реклама,Publicidad,2022-10-25 21:09:54,2022-10-25 21:09:54
311,Advice,Рада,Совет,Consejos,2022-10-25 21:09:54,2022-10-25 21:09:54
312,Affair,Справа,Дело,Asunto,2022-10-25 21:09:54,2022-10-25 21:09:54
313,Age,Вік,Возраст,Edad,2022-10-25 21:09:54,2022-10-25 21:09:54
314,Agency,Агентство,Агентство,Agencia,2022-10-25 21:09:54,2022-10-25 21:09:54
315,Agreement,Згода,Согласие Нт,Acuerdo Nt,2022-10-25 21:09:54,2023-03-06 13:17:25
316,Air,Повітря,Воздух,Aire,2022-10-25 21:09:54,2023-03-06 13:20:14
317,Airport,Аеропорт,Аэропорт,Aeropuerto,2022-10-25 21:09:54,2023-03-06 13:20:14
318,Alcohol,Алкоголь,Алкоголь,Alcohol,2022-10-25 21:09:54,2023-03-06 13:20:14
319,Ambition,Амбіції,Амбиции,Ambición,2022-10-25 21:09:54,2023-03-06 13:20:14
320,Amount,Сума,Сумма,Cantidad,2022-10-25 21:09:54,2023-03-06 13:20:14
321,Analysis,Аналіз,Анализ,Análisis,2022-10-25 21:09:54,2023-03-06 13:20:14
322,Analyst,Аналітик,Аналитик,Analista,2022-10-25 21:09:54,2023-03-06 13:20:14
323,Animal,Тварина,Животное,Animal,2022-10-25 21:09:54,2023-03-06 13:20:14
324,Anxiety,Тривога,Тревога,Ansiedad,2022-10-25 21:09:54,2023-03-06 13:20:14
325,Apartment,Квартира,Квартира,Apartamento,2022-10-25 21:09:54,2023-03-06 13:20:14
326,Appearance,Зовнішній Вигляд,Внешний Вид,Apariencia,2022-10-25 21:09:54,2023-03-06 13:20:14
327,Apple,Яблуко,Яблоко,Apple,2022-10-25 21:09:54,2023-03-06 13:20:14
328,Application,Додаток,Приложение,Aplicación,2022-10-25 21:09:54,2023-03-06 13:20:14
329,Appointment,Призначення,Назначение,Cita,2022-10-25 21:09:54,2023-03-06 13:20:14
330,Area,Площа,Площадь,Área,2022-10-25 21:09:54,2023-03-06 13:20:15
331,Argument,Аргумент,Аргумент,Argumento,2022-10-25 21:09:54,2023-03-06 13:20:15
332,Army,Армія,Армия,Ejército,2022-10-25 21:09:54,2023-03-06 13:20:15
333,Arrival,Прибуття,Прибытие,Llegada,2022-10-25 21:09:54,2023-03-06 13:20:15
334,Art,Мистецтво,Искусство,Arte,2022-10-25 21:09:54,2023-03-06 13:20:15
335,Article,Стаття,Статья,Artículo,2022-10-25 21:09:54,2023-03-06 13:20:15
336,Aspect,Аспект,Аспект,Aspecto,2022-10-25 21:09:54,2023-03-06 13:20:15
337,Assignment,Призначення,Назначение,Asignación,2022-10-25 21:09:54,2023-03-06 13:20:15
338,Assistance,Допомога,Помощь,Asistencia,2022-10-25 21:09:54,2023-03-06 13:20:15
339,Assistant,Помічник,Помощник,Asistente,2022-10-25 21:09:54,2023-03-06 13:20:15
340,Association,Асоціація,Ассоциация,Asociación,2022-10-25 21:09:54,2022-10-25 21:09:54
341,Assumption,Припущення,Предположение,Supuesto,2022-10-25 21:09:54,2022-10-25 21:09:54
342,Atmosphere,Атмосфера,Атмосфера,Ambiente,2022-10-25 21:09:54,2022-10-25 21:09:54
343,Attempt,Спроба,Попытка,Intento,2022-10-25 21:09:54,2022-10-25 21:09:54
344,Attention,Увага,Внимание,Atención,2022-10-25 21:09:54,2022-10-25 21:09:54
345,Attitude,Ставлення,Отношение,Actitud,2022-10-25 21:09:54,2022-10-25 21:09:54
346,Audience,Аудиторія,Аудитория,Audiencia,2022-10-25 21:09:54,2022-10-25 21:09:54
347,Aunt,Тітка,Тетя,Tía,2022-10-25 21:09:54,2022-10-25 21:09:54
348,Average,Середній,Средний,Promedio,2022-10-25 21:09:54,2022-10-25 21:09:54
349,Awareness,Поінформованість,Осведомленность,Conciencia,2022-10-25 21:09:54,2022-10-25 21:09:54
350,Back,Назад,Назад,Atrás,2022-10-25 21:09:54,2022-10-25 21:09:54
351,Bad,Поганий,Плохой,Malo,2022-10-25 21:09:54,2022-10-25 21:09:54
352,Balance,Баланс,Баланс,Equilibrio,2022-10-25 21:09:54,2022-10-25 21:09:54
353,Ball,М'яч,Мяч,Pelota,2022-10-25 21:09:54,2022-10-25 21:09:54
354,Bank,Банк,Банк,Banco,2022-10-25 21:09:54,2022-10-25 21:09:54
355,Baseball,Бейсбол,Бейсбол,Béisbol,2022-10-25 21:09:54,2022-10-25 21:09:54
356,Basis,Основа,Основа,Base,2022-10-25 21:09:54,2022-10-25 21:09:54
357,Basket,Кошик,Корзина,Cesta,2022-10-25 21:09:54,2022-10-25 21:09:54
358,Bath,Ванна,Ванна,Baño,2022-10-25 21:09:54,2022-10-25 21:09:54
359,Bathroom,Ванна Кімната,Ванная Комната,Baño,2022-10-25 21:09:54,2023-03-06 13:20:15
360,Bedroom,Спальня,Спальня,Dormitorio,2022-10-25 21:09:54,2022-10-25 21:09:54
361,Beer,Пиво,Пиво,Cerveza,2022-10-25 21:09:54,2022-10-25 21:09:54
362,Beginning,Початок,Начало,Comienzo,2022-10-25 21:09:54,2022-10-25 21:09:54
363,Benefit,Перевага,Преимущество,Beneficio,2022-10-25 21:09:54,2022-10-25 21:09:54
364,Bird,Птах,Птица,Pájaro,2022-10-25 21:09:54,2022-10-25 21:09:54
365,Birth,Народження,Рождение,Nacimiento,2022-10-25 21:09:54,2022-10-25 21:09:54
366,Birthday,День Народження,День Рождения,Cumpleaños,2022-10-25 21:09:54,2023-03-06 13:20:15
367,Bit,Біт,Бит,Bit,2022-10-25 21:09:54,2022-10-25 21:09:54
368,Blood,Кров,Кровь,Sangre,2022-10-25 21:09:54,2022-10-25 21:09:54
369,Board,Дошка,Доска,Tablero,2022-10-25 21:09:54,2022-10-25 21:09:54
370,Boat,Човен,Лодка,Barco,2022-10-25 21:09:54,2022-10-25 21:09:54
371,Body,Тіло,Тело,Cuerpo,2022-10-25 21:09:54,2022-10-25 21:09:54
372,Bonus,Бонус,Бонус,Bonificación,2022-10-25 21:09:54,2022-10-25 21:09:54
373,Book,Книга,Книга,Libro,2022-10-25 21:09:54,2022-10-25 21:09:54
374,Boss,Бос,Босс,Jefe,2022-10-25 21:09:54,2022-10-25 21:09:54
375,Bottom,Дно,Дно,Fondo,2022-10-25 21:09:54,2022-10-25 21:09:54
376,Box,Коробка,Коробка,Caja,2022-10-25 21:09:54,2022-10-25 21:09:54
377,Boy,Хлопчик,Мальчик,Niño,2022-10-25 21:09:54,2022-10-25 21:09:54
378,Boyfriend,Хлопець,Парень,Novio,2022-10-25 21:09:54,2022-10-25 21:09:54
379,Bread,Хліб,Хлеб,Pan,2022-10-25 21:09:54,2022-10-25 21:09:54
380,Breath,Дихання,Дыхание,Aliento,2022-10-25 21:09:54,2022-10-25 21:09:54
381,Brother,Брат,Брат,Hermano,2022-10-25 21:09:54,2022-10-25 21:09:54
382,Building,Будівля,Здание,Edificio,2022-10-25 21:09:54,2022-10-25 21:09:54
383,Bus,Автобус,Автобус,Autobús,2022-10-25 21:09:54,2022-10-25 21:09:54
384,Business,Бізнес,Бизнес,Negocio,2022-10-25 21:09:54,2022-10-25 21:09:54
385,Buyer,Покупець,Покупатель,Comprador,2022-10-25 21:09:54,2022-10-25 21:09:54
386,Cabinet,Кабінет,Кабинет,Gabinete,2022-10-25 21:09:54,2022-10-25 21:09:54
387,Camera,Камера,Камера,Cámara,2022-10-25 21:09:54,2022-10-25 21:09:54
388,Cancer,Рак,Рак,Cáncer,2022-10-25 21:09:54,2022-10-25 21:09:54
389,Candidate,Кандидат,Кандидат,Candidato,2022-10-25 21:09:54,2022-10-25 21:09:54
390,Capital,Столиця,Столица,Capital,2022-10-25 21:09:54,2022-10-25 21:09:54
391,Car,Автомобіль,Автомобиль,Coche,2022-10-25 21:09:54,2022-10-25 21:09:54
392,Card,Карта,Карта,Tarjeta,2022-10-25 21:09:54,2022-10-25 21:09:54
393,Career,Кар'єра,Карьера,Carrera,2022-10-25 21:09:54,2022-10-25 21:09:54
394,Case,Справа,Дело,Estuche,2022-10-25 21:09:54,2022-10-25 21:09:54
395,Cash,Готівка,Наличные,Efectivo,2022-10-25 21:09:54,2022-10-25 21:09:54
396,Cat,Кішка,Кошка,Gato,2022-10-25 21:09:54,2022-10-25 21:09:54
397,Category,Категорія,Категория,Categoría,2022-10-25 21:09:54,2022-10-25 21:09:54
398,Celebration,Святкування,Празднование,Celebración,2022-10-25 21:09:54,2022-10-25 21:09:54
399,Cell,Осередок,Ячейка,Célula,2022-10-25 21:09:54,2022-10-25 21:09:54
400,Championship,Чемпіонат,Чемпионат,Campeonato,2022-10-25 21:09:54,2022-10-25 21:09:54
401,Chance,Шанс,Шанс,Oportunidad,2022-10-25 21:09:54,2022-10-25 21:09:54
402,Chapter,Глава,Глава,Capítulo,2022-10-25 21:09:54,2022-10-25 21:09:54
403,Charity,Благодійність,Благотворительность,Caridad,2022-10-25 21:09:54,2022-10-25 21:09:54
404,Cheek,Щока,Щека,Mejilla,2022-10-25 21:09:54,2022-10-25 21:09:54
405,Chemistry,Хімія,Химия,Química,2022-10-25 21:09:54,2022-10-25 21:09:54
406,Chest,Груди,Грудь,Pecho,2022-10-25 21:09:54,2022-10-25 21:09:54
407,Chicken,Курка,Курица,Pollo,2022-10-25 21:09:54,2022-10-25 21:09:54
408,Child,Дитина,Ребенок,Niño,2022-10-25 21:09:54,2022-10-25 21:09:54
409,Childhood,Дитинство,Детство,Infancia,2022-10-25 21:09:54,2022-10-25 21:09:54
410,Chocolate,Шоколад,Шоколад,Chocolate,2022-10-25 21:09:54,2022-10-25 21:09:54
411,Choice,Вибір,Выбор,Opción,2022-10-25 21:09:54,2022-10-25 21:09:54
412,Church,Церква,Церковь,Iglesia,2022-10-25 21:09:54,2022-10-25 21:09:54
413,Cigarette,Цигарки,Сигареты,Cigarrillo,2022-10-25 21:09:54,2022-10-25 21:09:54
414,City,Місто,Город,Ciudad,2022-10-25 21:09:54,2022-10-25 21:09:54
415,Class,Клас,Класс,Clase,2022-10-25 21:09:54,2022-10-25 21:09:54
416,Classroom,Клас,Класс,Aula,2022-10-25 21:09:54,2022-10-25 21:09:54
417,Client,Клієнт,Клиент,Cliente,2022-10-25 21:09:54,2022-10-25 21:09:54
418,Climate,Клімат,Климат,Clima,2022-10-25 21:09:54,2022-10-25 21:09:54
419,Clothes,Одяг,Одежда,Ropa,2022-10-25 21:09:54,2022-10-25 21:09:54
420,Coast,Узбережжя,Побережье,Costa,2022-10-25 21:09:54,2022-10-25 21:09:54
421,Coffee,Кава,Кофе,Café,2022-10-25 21:09:54,2022-10-25 21:09:54
422,Collection,Колекція,Коллекция,Colección,2022-10-25 21:09:54,2022-10-25 21:09:54
423,College,Коледж,Колледж,Universidad,2022-10-25 21:09:54,2022-10-25 21:09:54
424,Combination,Комбінація,Комбинация,Combinación,2022-10-25 21:09:54,2022-10-25 21:09:54
425,Committee,Комітет,Комитет,Comité,2022-10-25 21:09:54,2022-10-25 21:09:54
426,Communication,Зв'язок,Связь,Comunicación,2022-10-25 21:09:54,2022-10-25 21:09:54
427,Community,Спільнота,Сообщество,Comunidad,2022-10-25 21:09:54,2022-10-25 21:09:54
428,Company,Компанія,Компания,Empresa,2022-10-25 21:09:54,2022-10-25 21:09:54
429,Comparison,Порівняння,Сравнение,Comparación,2022-10-25 21:09:54,2022-10-25 21:09:54
430,Competition,Конкурс,Конкурс,Competencia,2022-10-25 21:09:54,2022-10-25 21:09:54
431,Complaint,Скарга,Жалоба,Queja,2022-10-25 21:09:54,2022-10-25 21:09:54
432,Computer,Комп'ютер,Компьютер,Computadora,2022-10-25 21:09:54,2022-10-25 21:09:54
433,Concept,Концепція,Концепция,Concepto,2022-10-25 21:09:54,2022-10-25 21:09:54
434,Conclusion,Висновок,Заключение,Conclusión,2022-10-25 21:09:54,2022-10-25 21:09:54
435,Condition,Стан,Состояние,Condición,2022-10-25 21:09:54,2022-10-25 21:09:54
436,Confusion,Плутанина,Путаница,Confusión,2022-10-25 21:09:54,2022-10-25 21:09:54
437,Connection,З'єднання,Соединение,Conexión,2022-10-25 21:09:54,2022-10-25 21:09:54
438,Consequence,Наслідок,Последствие,Consecuencia,2022-10-25 21:09:54,2022-10-25 21:09:54
439,Construction,Будівництво,Строительство,Construcción,2022-10-25 21:09:54,2022-10-25 21:09:54
440,Contact,Контакт,Контакт,Contacto,2022-10-25 21:09:54,2022-10-25 21:09:54
441,Context,Контекст,Контекст,Contexto,2022-10-25 21:09:54,2022-10-25 21:09:54
442,Contract,Договір,Ко Ntract,Co Ntract,2022-10-25 21:09:54,2023-03-06 13:17:25
443,Contribution,Внесок,Вклад,Contribución,2022-10-25 21:09:54,2023-03-06 13:20:15
444,Conversation,Розмова,Разговор,Conversación,2022-10-25 21:09:54,2023-03-06 13:20:15
445,Cookie,Печиво,Печенье,Cookie,2022-10-25 21:09:54,2023-03-06 13:20:15
446,Country,Країна,Страна,País,2022-10-25 21:09:54,2023-03-06 13:20:15
447,County,Округ,Округ,Condado,2022-10-25 21:09:54,2023-03-06 13:20:15
448,Courage,Мужність,Мужество,Coraje,2022-10-25 21:09:54,2023-03-06 13:20:15
449,Course,Курс,Курс,Curso,2022-10-25 21:09:54,2023-03-06 13:20:15
450,Cousin,Двоюрідний Брат,Двоюродный Брат,Primo,2022-10-25 21:09:54,2023-03-06 13:20:15
451,Craft,Ремесло,Ремесло,Artesanía,2022-10-25 21:09:54,2023-03-06 13:20:15
452,Credit,Кредит,Кредит,Crédito,2022-10-25 21:09:54,2023-03-06 13:20:15
453,Criticism,Критика,Критика,Crítica,2022-10-25 21:09:54,2023-03-06 13:20:15
454,Culture,Культура,Культура,Cultura,2022-10-25 21:09:54,2023-03-06 13:20:15
455,Currency,Валюта,Валюта,Moneda,2022-10-25 21:09:54,2023-03-06 13:20:15
456,Customer,Клієнт,Клиент,Cliente,2022-10-25 21:09:54,2023-03-06 13:20:15
457,Cycle,Цикл,Цикл,Ciclo,2022-10-25 21:09:54,2023-03-06 13:20:15
458,Dad,Тато,Папа,Papá,2022-10-25 21:09:54,2023-03-06 13:20:15
459,Data,Дані,Данные,Datos,2022-10-25 21:09:54,2023-03-06 13:20:15
460,Database,База Даних,База Данных,Base De Datos,2022-10-25 21:09:54,2023-03-06 13:20:15
461,Date,Дата,Дата,Fecha,2022-10-25 21:09:54,2023-03-06 13:20:15
462,Day,День,День,Día,2022-10-25 21:09:54,2023-03-06 13:20:15
463,Dealer,Дилер,Дилер,Distribuidor,2022-10-25 21:09:54,2023-03-06 13:20:15
464,Death,Смерть,Смерть,Muerte,2022-10-25 21:09:54,2023-03-06 13:20:15
465,Debt,Борг,Долг,Deuda,2022-10-25 21:09:54,2023-03-06 13:20:15
466,Decision,Рішення,Решение,Decisión,2022-10-25 21:09:54,2023-03-06 13:20:15
467,Definition,Визначення,Определение,Definición,2022-10-25 21:09:54,2022-10-25 21:09:54
468,Delivery,Доставка,Доставка,Entrega,2022-10-25 21:09:54,2022-10-25 21:09:54
469,Demand,Попит,Спрос,Demanda,2022-10-25 21:09:54,2022-10-25 21:09:54
470,Department,Відділ,Отдел,Departamento,2022-10-25 21:09:54,2022-10-25 21:09:54
471,Departure,Від'їзд,Отъезд,Salida,2022-10-25 21:09:54,2022-10-25 21:09:54
472,Depression,Депресія,Депрессия,Depresión,2022-10-25 21:09:54,2022-10-25 21:09:54
473,Depth,Глибина,Глубина,Profundidad,2022-10-25 21:09:54,2022-10-25 21:09:54
474,Description,Опис,Описание,Descripción,2022-10-25 21:09:54,2022-10-25 21:09:54
475,Design,Дизайн,Дизайн,Diseño,2022-10-25 21:09:54,2022-10-25 21:09:54
476,Desk,Стіл,Стол,Escritorio,2022-10-25 21:09:54,2022-10-25 21:09:54
477,Development,Розробка,Разработка,Desarrollo,2022-10-25 21:09:54,2022-10-25 21:09:54
478,Device,Пристрій,Устройство,Dispositivo,2022-10-25 21:09:54,2022-10-25 21:09:54
479,Diamond,Діамант,Алмаз,Diamante,2022-10-25 21:09:54,2022-10-25 21:09:54
480,Difference,Різниця,Разница,Diferencia,2022-10-25 21:09:54,2022-10-25 21:09:54
481,Difficulty,Складність,Сложность,Dificultad,2022-10-25 21:09:54,2022-10-25 21:09:54
482,Dinner,Вечеря,Ужин,Cena,2022-10-25 21:09:54,2022-10-25 21:09:54
483,Direction,Напрямок,Направление,Dirección,2022-10-25 21:09:54,2022-10-25 21:09:54
484,Director,Директор,Директор,Director,2022-10-25 21:09:54,2022-10-25 21:09:54
485,Dirt,Бруд,Грязь,Suciedad,2022-10-25 21:09:54,2022-10-25 21:09:54
486,Disaster,Лихо,Бедствие,Desastre,2022-10-25 21:09:54,2022-10-25 21:09:54
487,Discipline,Дисципліна,Дисциплина,Disciplina,2022-10-25 21:09:54,2022-10-25 21:09:54
488,Discussion,Обговорення,Обсуждение,Discusión,2022-10-25 21:09:54,2022-10-25 21:09:54
489,Disease,Хвороба,Болезнь,Enfermedad,2022-10-25 21:09:54,2022-10-25 21:09:54
490,Disk,Диск,Диск,Disco,2022-10-25 21:09:54,2022-10-25 21:09:54
491,Distribution,Розподіл,Распределение,Distribución,2022-10-25 21:09:54,2022-10-25 21:09:54
492,Dog,Собака,Собака,Perro,2022-10-25 21:09:54,2022-10-25 21:09:54
493,Drama,Драма,Драма,Drama,2022-10-25 21:09:54,2023-03-06 13:20:15
494,Drawer,Скринька,Ящик,Cajón,2022-10-25 21:09:54,2023-03-06 13:20:15
495,Drawing,Малюнок,Рисунок,Dibujo,2022-10-25 21:09:54,2023-03-06 13:20:15
496,Driver,Водій,Водитель,Conductor,2022-10-25 21:09:54,2023-03-06 13:20:15
497,Ear,Вухо,Ухо,Oreja,2022-10-25 21:09:54,2023-03-06 13:20:15
498,Earth,Земля,Земля,Tierra,2022-10-25 21:09:54,2023-03-06 13:20:15
499,Economics,Економіка,Экономика,Economía,2022-10-25 21:09:54,2023-03-06 13:20:15
500,Economy,Економіка,Экономика,Economía,2022-10-25 21:09:54,2023-03-06 13:20:15
501,Editor,Редактор,Редактор,Editor,2022-10-25 21:09:54,2023-03-06 13:20:15
502,Education,Освіта,Образование,Educación,2022-10-25 21:09:54,2023-03-06 13:20:15
503,Effect,Ефект,Эффект,Efecto,2022-10-25 21:09:54,2023-03-06 13:20:15
504,Efficiency,Ефективність,Эффективность,Eficiencia,2022-10-25 21:09:54,2023-03-06 13:20:15
505,Effort,Зусилля,Усилие,Esfuerzo,2022-10-25 21:09:54,2023-03-06 13:20:15
506,Egg,Яйце,Яйцо,Huevo,2022-10-25 21:09:54,2023-03-06 13:20:15
507,Election,Вибори,Выборы,Elección,2022-10-25 21:09:54,2023-03-06 13:20:15
508,Elevator,Ліфт,Лифт,Ascensor,2022-10-25 21:09:54,2023-03-06 13:20:15
509,Emotion,Емоції,Эмоции,Emoción,2022-10-25 21:09:55,2023-03-06 13:20:15
510,Emphasis,Акцент,Акцент,Énfasis,2022-10-25 21:09:55,2023-03-06 13:20:15
511,Employee,Співробітник,Сотрудник,Empleado,2022-10-25 21:09:55,2023-03-06 13:20:15
512,Employer,Роботодавець,Работодатель,Empleador,2022-10-25 21:09:55,2023-03-06 13:20:15
513,Employment,Зайнятість,Занятость,Empleo,2022-10-25 21:09:55,2023-03-06 13:20:15
514,End,Кінець,Конец,Fin,2022-10-25 21:09:55,2023-03-06 13:20:15
515,Energy,Енергія,Энергия,Energía,2022-10-25 21:09:55,2023-03-06 13:20:15
516,Engine,Двигун,Двигатель,Motor,2022-10-25 21:09:55,2023-03-06 13:20:15
517,Entertainment,Розваги,Развлечения,Entretenimiento,2022-10-25 21:09:55,2022-10-25 21:09:55
518,Enthusiasm,Ентузіазм,Энтузиазм,Entusiasmo,2022-10-25 21:09:55,2022-10-25 21:09:55
519,Entry,Вхід,Вход,Entrada,2022-10-25 21:09:55,2022-10-25 21:09:55
520,Environment,Навколишнє Середовище,Окружающая Среда,Entorno,2022-10-25 21:09:55,2023-03-06 13:20:15
521,Equipment,Обладнання,Оборудование,Equipo,2022-10-25 21:09:55,2022-10-25 21:09:55
522,Error,Помилка,Ошибка,Error,2022-10-25 21:09:55,2022-10-25 21:09:55
523,Establishment,Установа,Учреждение,Establecimiento,2022-10-25 21:09:55,2022-10-25 21:09:55
524,Estate,Нерухомість,Недвижимость,Establecimiento,2022-10-25 21:09:55,2022-10-25 21:09:55
525,Event,Подія,Событие,Evento,2022-10-25 21:09:55,2022-10-25 21:09:55
526,Exam,Іспит,Экзамен,Examen,2022-10-25 21:09:55,2022-10-25 21:09:55
527,Examination,Експертиза,Экспертиза,Examen,2022-10-25 21:09:55,2022-10-25 21:09:55
528,Example,Приклад,Пример,Ejemplo,2022-10-25 21:09:55,2022-10-25 21:09:55
529,Exchange,Обмін,Обмен,Intercambio,2022-10-25 21:09:55,2022-10-25 21:09:55
530,Excitement,Хвилювання,Волнение,Entusiasmo,2022-10-25 21:09:55,2022-10-25 21:09:55
531,Explanation,Пояснення,Объяснение,Explicación,2022-10-25 21:09:55,2022-10-25 21:09:55
532,Expression,Вираз,Выражение,Expresión,2022-10-25 21:09:55,2022-10-25 21:09:55
533,Extent,Ступінь,Степень,Extensión,2022-10-25 21:09:55,2022-10-25 21:09:55
534,Eye,Око,Глаз,Ojo,2022-10-25 21:09:55,2022-10-25 21:09:55
535,Fact,Факт,Факт,Hecho,2022-10-25 21:09:55,2022-10-25 21:09:55
536,Failure,Відмова,Отказ,Falla,2022-10-25 21:09:55,2022-10-25 21:09:55
537,Family,Сім'я,Семья,Familia,2022-10-25 21:09:55,2022-10-25 21:09:55
538,Farmer,Фермер,Фермер,Agricultor,2022-10-25 21:09:55,2022-10-25 21:09:55
539,Fat,Жир,Жир,Grasa,2022-10-25 21:09:55,2022-10-25 21:09:55
540,Feature,Характеристика,Характеристика,Característica,2022-10-25 21:09:55,2022-10-25 21:09:55
541,Feedback,Зворотний Зв'язок,Обратная Связь,Retroalimentación,2022-10-25 21:09:55,2023-03-06 13:20:15
542,Field,Поле,Поле,Campo,2022-10-25 21:09:55,2022-10-25 21:09:55
543,Figure,Малюнок,Рисунок,Figura,2022-10-25 21:09:55,2022-10-25 21:09:55
544,Film,Фільм,Фильм,Película,2022-10-25 21:09:55,2022-10-25 21:09:55
545,Finding,Пошук,Поиск,Hallazgo,2022-10-25 21:09:55,2022-10-25 21:09:55
546,Fire,Вогонь,Огонь,Fuego,2022-10-25 21:09:55,2022-10-25 21:09:55
547,Fish,Риба,Рыба,Pescado,2022-10-25 21:09:55,2022-10-25 21:09:55
548,Flight,Політ,Полет,Vuelo,2022-10-25 21:09:55,2022-10-25 21:09:55
549,Focus,Фокус,Фокус,Foco,2022-10-25 21:09:55,2022-10-25 21:09:55
550,Food,Їжа,Еда,Comida,2022-10-25 21:09:55,2022-10-25 21:09:55
551,Football,Футбол,Футбол,Fútbol,2022-10-25 21:09:55,2022-10-25 21:09:55
552,Force,Сила,Сила,​​Fuerza,2022-10-25 21:09:55,2022-10-25 21:09:55
553,Fortune,Фортуна,Фортуна,Fortuna,2022-10-25 21:09:55,2022-10-25 21:09:55
554,Foundation,Фонд,Фонд,Fundación,2022-10-25 21:09:55,2022-10-25 21:09:55
555,Frame,Кадр,Кадр,Marco,2022-10-25 21:09:55,2022-10-25 21:09:55
556,Freedom,Свобода,Свобода,Libertad,2022-10-25 21:09:55,2022-10-25 21:09:55
557,Friendship,Дружба,Дружба,Amistad,2022-10-25 21:09:55,2022-10-25 21:09:55
558,Fun,Веселощі,Веселье,Diversión,2022-10-25 21:09:55,2022-10-25 21:09:55
559,Funeral,Похорон,Похороны,Funeral,2022-10-25 21:09:55,2022-10-25 21:09:55
560,Future,Майбутнє,Будущее,Futuro,2022-10-25 21:09:55,2022-10-25 21:09:55
561,Game,Гра,Игра,Juego,2022-10-25 21:09:55,2022-10-25 21:09:55
562,Garbage,Сміття,Мусор,Basura,2022-10-25 21:09:55,2022-10-25 21:09:55
563,Garden,Сад,Сад,Jardín,2022-10-25 21:09:55,2022-10-25 21:09:55
564,Gate,Ворота,Ворота,Puerta,2022-10-25 21:09:55,2022-10-25 21:09:55
565,Gene,Джин,Джин,Gen,2022-10-25 21:09:55,2022-10-25 21:09:55
566,Gift,Подарунок,Подарок,Regalo,2022-10-25 21:09:55,2022-10-25 21:09:55
567,Girl,Дівчина,Девушка,Chica,2022-10-25 21:09:55,2022-10-25 21:09:55
568,Girlfriend,Подруга,Подруга,Novia,2022-10-25 21:09:55,2022-10-25 21:09:55
569,Goal,Мета,Цель,Meta,2022-10-25 21:09:55,2022-10-25 21:09:55
570,Government,Уряд,Правительство,Gobierno,2022-10-25 21:09:55,2022-10-25 21:09:55
571,Grandmother,Бабуся,Бабушка,Abuela,2022-10-25 21:09:55,2022-10-25 21:09:55
572,Grocery,Бакалея,Бакалея,Supermercado,2022-10-25 21:09:55,2022-10-25 21:09:55
573,Group,Група,Группа,Grupo,2022-10-25 21:09:55,2022-10-25 21:09:55
574,Growth,Зростання,Рост,Crecimiento,2022-10-25 21:09:55,2022-10-25 21:09:55
575,Guest,Гість,Гость,Invitado,2022-10-25 21:09:55,2022-10-25 21:09:55
576,Guidance,Керівництво,Руководство,Orientación,2022-10-25 21:09:55,2022-10-25 21:09:55
577,Guide,Гід,Гид,Guía,2022-10-25 21:09:55,2022-10-25 21:09:55
578,Guitar,Гітара,Гитара,Guitarra,2022-10-25 21:09:55,2022-10-25 21:09:55
579,Hair,Волоси,Волосы,Pelo,2022-10-25 21:09:55,2022-10-25 21:09:55
580,Half,Половина,Половина,Mitad,2022-10-25 21:09:55,2022-10-25 21:09:55
581,Hall,Зал,Зал,Sala,2022-10-25 21:09:55,2022-10-25 21:09:55
582,Hand,Рука,Рука,Mano,2022-10-25 21:09:55,2022-10-25 21:09:55
583,Hat,Капелюх,Шляпа,Sombrero,2022-10-25 21:09:55,2022-10-25 21:09:55
584,Head,Голова,Голова,Cabeza,2022-10-25 21:09:55,2022-10-25 21:09:55
585,Health,Здоров'я,Здоровье,Salud,2022-10-25 21:09:55,2022-10-25 21:09:55
586,Hearing,Слух,Слух,Audición,2022-10-25 21:09:55,2022-10-25 21:09:55
587,Heart,Серце,Сердце,Corazón,2022-10-25 21:09:55,2022-10-25 21:09:55
588,Heat,Спека,Жара,Calor,2022-10-25 21:09:55,2022-10-25 21:09:55
589,Height,Висота,Высота,Altura,2022-10-25 21:09:55,2022-10-25 21:09:55
590,Highway,Шосе,Шоссе,Carretera,2022-10-25 21:09:55,2022-10-25 21:09:55
591,Historian,Історик,Историк,Historiador,2022-10-25 21:09:55,2022-10-25 21:09:55
592,History,Історія,История,Historia,2022-10-25 21:09:55,2022-10-25 21:09:55
593,Home,Дім,Дом,Inicio,2022-10-25 21:09:55,2022-10-25 21:09:55
594,Homework,Домашнє Завдання,Домашнее Задание,Deberes,2022-10-25 21:09:55,2023-03-06 13:20:15
595,Honey,Мед,Мед,Miel,2022-10-25 21:09:55,2022-10-25 21:09:55
596,Hospital,Лікарня,Больница,Hospital,2022-10-25 21:09:55,2022-10-25 21:09:55
597,Hotel,Готель,Гостиница,Hotel,2022-10-25 21:09:55,2022-10-25 21:09:55
598,House,Будинок,Дом,Casa,2022-10-25 21:09:55,2022-10-25 21:09:55
599,Housing,Житло,Жилье,Vivienda,2022-10-25 21:09:55,2022-10-25 21:09:55
600,Ice,Лід,Лед,Hielo,2022-10-25 21:09:55,2022-10-25 21:09:55
601,Idea,Ідея,Идея,Idea,2022-10-25 21:09:55,2022-10-25 21:09:55
602,Image,Зображення,Изображение,Imagen,2022-10-25 21:09:55,2022-10-25 21:09:55
603,Imagination,Уява,Воображение,Imaginación,2022-10-25 21:09:55,2022-10-25 21:09:55
604,Impact,Вплив,Воздействие,Impacto,2022-10-25 21:09:55,2022-10-25 21:09:55
605,Importance,Важливість,Важность,Importancia,2022-10-25 21:09:55,2022-10-25 21:09:55
606,Impression,Враження,Впечатление,Impresión,2022-10-25 21:09:55,2022-10-25 21:09:55
607,Improvement,Покращення,Улучшение,Mejora,2022-10-25 21:09:55,2022-10-25 21:09:55
608,Income,Дохід,Доход,Ingresos,2022-10-25 21:09:55,2022-10-25 21:09:55
609,Independence,Незалежність,Независимость,Independencia,2022-10-25 21:09:55,2022-10-25 21:09:55
610,Indication,Індикація,Индикация,Indicación,2022-10-25 21:09:55,2022-10-25 21:09:55
611,Industry,Промисловість,Промышленность,Industria,2022-10-25 21:09:55,2022-10-25 21:09:55
612,Inflation,Інфляція,Инфляция,Inflación,2022-10-25 21:09:55,2022-10-25 21:09:55
613,Information,Інформація,Информация,Información,2022-10-25 21:09:55,2022-10-25 21:09:55
614,Initiative,Ініціатива,Инициатива,Iniciativa,2022-10-25 21:09:55,2022-10-25 21:09:55
615,Injury,Травма,Травма,Lesión,2022-10-25 21:09:55,2022-10-25 21:09:55
616,Insect,Комаха,Насекомое,Insecto,2022-10-25 21:09:55,2022-10-25 21:09:55
617,Inside,Всередині,Внутри,Interior,2022-10-25 21:09:55,2022-10-25 21:09:55
618,Inspection,Інспекція,Инспекция,Inspección,2022-10-25 21:09:55,2022-10-25 21:09:55
619,Inspector,Інспектор,Инспектор,Inspector,2022-10-25 21:09:55,2022-10-25 21:09:55
620,Instance,Примірник,Экземпляр,Instancia,2022-10-25 21:09:55,2022-10-25 21:09:55
621,Instruction,Інструкція,Инструкция,Instrucción,2022-10-25 21:09:55,2022-10-25 21:09:55
622,Insurance,Страхування,Страхование,Seguro,2022-10-25 21:09:55,2022-10-25 21:09:55
623,Intention,Намір,Намерение,Intención,2022-10-25 21:09:55,2022-10-25 21:09:55
624,Interaction,Взаємодія,Взаимодействие,Interacción,2022-10-25 21:09:55,2022-10-25 21:09:55
625,Interest,Інтерес,Интерес,Interés,2022-10-25 21:09:55,2022-10-25 21:09:55
626,Internet,Інтернет,Интернет,Internet,2022-10-25 21:09:55,2022-10-25 21:09:55
627,Introduction,Вступ,Введение,Introducción,2022-10-25 21:09:55,2022-10-25 21:09:55
628,Investment,Інвестиції,Инвестиции,Inversión,2022-10-25 21:09:55,2022-10-25 21:09:55
629,Issue,Випуск,Выпуск,Problema,2022-10-25 21:09:55,2022-10-25 21:09:55
630,Item,Пункт,Пункт,Artículo,2022-10-25 21:09:55,2022-10-25 21:09:55
631,Job,Робота,Работа,Trabajo,2022-10-25 21:09:55,2022-10-25 21:09:55
632,Judgment,Судження,Суждение,Juicio,2022-10-25 21:09:55,2022-10-25 21:09:55
633,Key,Ключ,Ключ,Clave,2022-10-25 21:09:55,2022-10-25 21:09:55
634,Kind,Вид,Вид,Tipo,2022-10-25 21:09:55,2022-10-25 21:09:55
635,King,Король,Король,Rey,2022-10-25 21:09:55,2022-10-25 21:09:55
636,Knowledge,Знання,Знание,Conocimiento,2022-10-25 21:09:55,2022-10-25 21:09:55
637,Lab,Лабораторія,Лаборатория,Laboratorio,2022-10-25 21:09:55,2022-10-25 21:09:55
638,Ladder,Сходи,Лестница,Escalera,2022-10-25 21:09:55,2022-10-25 21:09:55
639,Lady,Леді,Леди,Señora,2022-10-25 21:09:55,2022-10-25 21:09:55
640,Lake,Озеро,Озеро,Lago,2022-10-25 21:09:55,2022-10-25 21:09:55
641,Language,Мова,Язык,Idioma,2022-10-25 21:09:55,2022-10-25 21:09:55
642,Law,Закон,Закон,Ley,2022-10-25 21:09:55,2022-10-25 21:09:55
643,Leader,Лідер,Лидер,Líder,2022-10-25 21:09:55,2022-10-25 21:09:55
644,Leadership,Лідерство,Лидерство,Liderazgo,2022-10-25 21:09:55,2023-03-03 18:12:21
645,Length,Довжина,Длина,Longitud,2022-10-25 21:09:55,2023-03-03 18:12:21
646,Level,Рівень,Уровень,Nivel,2022-10-25 21:09:55,2023-03-03 18:12:21
647,Library,Бібліотека,Библиотека,Biblioteca,2022-10-25 21:09:55,2023-03-03 18:12:21
648,Life,Життя,Жизнь,Vida,2022-10-25 21:09:55,2023-03-03 18:12:21
649,Light,Світло,Свет,Luz,2022-10-25 21:09:55,2023-03-03 18:12:21
650,Line,Лінія,Линия,Línea,2022-10-25 21:09:55,2023-03-03 18:12:21
651,Link,Посилання,Ссылка,Enlace,2022-10-25 21:09:55,2023-03-03 18:12:21
652,List,Список,Список,Lista,2022-10-25 21:09:55,2023-03-03 18:12:21
653,Literature,Література,Литература,Literatura,2022-10-25 21:09:55,2023-03-03 18:12:21
654,Location,Розташування,Местоположение,Ubicación,2022-10-25 21:09:55,2023-03-03 18:12:21
655,Loss,Втрата,Потеря,Pérdida,2022-10-25 21:09:55,2023-03-03 18:12:21
656,Machine,Машина,Машина,Máquina,2022-10-25 21:09:55,2023-03-03 18:12:21
657,Magazine,Журнал,Журнал,Revista,2022-10-25 21:09:55,2023-03-03 18:12:21
658,Maintenance,Технічне Обслуговування,Техническое Обслуживание,Mantenimiento,2022-10-25 21:09:55,2023-03-06 13:20:15
659,Mall,Торговий Центр,Торговый Центр,Centro Comercial,2022-10-25 21:09:55,2023-03-06 13:20:15
660,Man,Людина,Человек,Hombre,2022-10-25 21:09:55,2023-03-03 18:12:21
661,Management,Управління,Управление,Gestión,2022-10-25 21:09:55,2023-03-03 18:12:21
662,Manager,Менеджер,Менеджер,Gerente,2022-10-25 21:09:55,2023-03-03 18:12:21
663,Manufacturer,Виробник,Производитель,Fabricante,2022-10-25 21:09:55,2023-03-03 18:12:21
664,Map,Карта,Карта,Mapa,2022-10-25 21:09:55,2023-03-03 18:12:21
665,Market,Ринок,Рынок,Mercado,2022-10-25 21:09:55,2023-03-03 18:12:21
666,Marketing,Маркетинг,Маркетинг,Marketing,2022-10-25 21:09:55,2023-03-03 18:12:21
667,Marriage,Шлюб,Брак,Matrimonio,2022-10-25 21:09:55,2023-03-03 18:12:21
668,Material,Матеріал,Материал,Material,2022-10-25 21:09:55,2023-03-03 18:12:21
669,Math,Математика,Математика,Matemáticas,2022-10-25 21:09:55,2023-03-03 18:12:21
670,Meal,Живлення,Питание,Comida,2022-10-25 21:09:55,2023-03-03 18:12:21
671,Meaning,Сенс,Смысл,Significado,2022-10-25 21:09:55,2023-03-03 18:12:21
672,Measurement,Вимірювання,Измерение,Medida,2022-10-25 21:09:55,2023-03-03 18:12:21
673,Meat,М'ясо,Мясо,Carne,2022-10-25 21:09:55,2023-03-03 18:12:21
674,Media,Змі,Сми,Medios,2022-10-25 21:09:55,2023-03-06 13:20:15
675,Medicine,Медицина,Медицина,Medicina,2022-10-25 21:09:55,2023-03-03 18:12:21
676,Medium,Середній,Средний,Medio,2022-10-25 21:09:55,2023-03-03 18:12:21
677,Member,Член,Член,Miembro,2022-10-25 21:09:55,2023-03-03 18:12:21
678,Membership,Членство,Членство,Membresía,2022-10-25 21:09:55,2023-03-03 18:12:21
679,Memory,Пам'ять,Память,Memoria,2022-10-25 21:09:55,2023-03-03 18:12:21
680,Menu,Меню,Меню,Menú,2022-10-25 21:09:55,2023-03-03 18:12:21
681,Message,Повідомлення,Сообщение,Mensaje,2022-10-25 21:09:55,2023-03-03 18:12:21
682,Metal,Метал,Металл,Metal,2022-10-25 21:09:55,2023-03-03 18:12:21
683,Method,Метод,Метод,Método,2022-10-25 21:09:55,2023-03-03 18:12:21
684,Midnight,Північ,Полночь,Medianoche,2022-10-25 21:09:55,2023-03-03 18:12:21
685,Mixture,Суміш,Смесь,Mezcla,2022-10-25 21:09:55,2023-03-03 18:12:21
686,Mode,Режим,Режим,Modo,2022-10-25 21:09:55,2023-03-03 18:12:21
687,Model,Модель,Модель,Modelo,2022-10-25 21:09:55,2023-03-03 18:12:21
688,Mom,Мама,Мама,Mamá,2022-10-25 21:09:55,2023-03-03 18:12:21
689,Moment,Момент,Момент,Momento,2022-10-25 21:09:55,2023-03-03 18:12:21
690,Money,Гроші,Деньги,Dinero,2022-10-25 21:09:55,2023-03-03 18:12:21
691,Month,Місяць,Месяц,Mes,2022-10-25 21:09:55,2023-03-03 18:12:21
692,Mood,Настрій,Настроение,Estado De Ánimo,2022-10-25 21:09:55,2023-03-06 13:17:26
693,Morning,Ранок,Утро,Mañana,2022-10-25 21:09:55,2023-03-03 18:12:21
694,Mouse,Миша,Мышь,Ratón,2022-10-25 21:09:56,2023-03-03 18:12:21
695,Movie,Фільм,Фильм,Película,2022-10-25 21:09:56,2023-03-06 13:20:15
696,Mud,Бруд,Грязь,Barro,2022-10-25 21:09:56,2023-03-06 13:20:15
697,Music,Музика,Музыка,Música,2022-10-25 21:09:56,2023-03-06 13:20:15
698,Name,Ім'я,Имя,Nombre,2022-10-25 21:09:56,2023-03-06 13:20:15
699,Nation,Нація,Нация,Nación,2022-10-25 21:09:56,2023-03-06 13:20:15
700,Nature,Природа,Природа,Naturaleza,2022-10-25 21:09:56,2023-03-06 13:20:15
701,Negotiation,Переговори,Переговоры,Negociación,2022-10-25 21:09:56,2023-03-06 13:20:15
702,Network,Мережа,Сеть,Red,2022-10-25 21:09:56,2023-03-03 18:12:21
703,News,Новини,Новости,Noticias,2022-10-25 21:09:56,2023-03-03 18:12:21
704,Newspaper,Газета,Газета,Periódico,2022-10-25 21:09:56,2023-03-03 18:12:21
705,Night,Ніч,Ночь,Noche,2022-10-25 21:09:56,2023-03-03 18:12:21
706,Note,Примітка,Примечание,Nota,2022-10-25 21:09:56,2023-03-03 18:12:21
707,Nothing,Нічого,Ничего,Nada,2022-10-25 21:09:56,2023-03-03 18:12:21
708,Number,Номер,Номер,Número,2022-10-25 21:09:56,2023-03-03 18:12:21
709,Object,Об'єкт,Объект,Objeto,2022-10-25 21:09:56,2023-03-03 18:12:21
710,Obligation,Зобов'язання,Обязательство,Obligación,2022-10-25 21:09:56,2023-03-03 18:12:21
711,Office,Офіс,Офис,Oficina,2022-10-25 21:09:56,2023-03-03 18:12:21
712,Oil,Нафта,Нефть,Aceite,2022-10-25 21:09:56,2023-03-03 18:12:21
713,Operation,Операція,Операция,Operación,2022-10-25 21:09:56,2023-03-03 18:12:21
714,Opinion,Думка,Мнение,Opinión,2022-10-25 21:09:56,2023-03-03 18:12:21
715,Opportunity,Можливість,Возможность,Oportunidad,2022-10-25 21:09:56,2023-03-03 18:12:21
716,Orange,Оранжевий,Оранжевый,Naranja,2022-10-25 21:09:56,2023-03-03 18:12:21
717,Organization,Організація,Организация,Organización,2022-10-25 21:09:56,2023-03-03 18:12:21
718,Outcome,Результат,Результат,Resultado,2022-10-25 21:09:56,2023-03-03 18:12:21
719,Outside,Зовні,Снаружи,Fuera,2022-10-25 21:09:56,2023-03-03 18:12:21
720,Oven,Печ,Печь,Horno,2022-10-25 21:09:56,2023-03-03 18:12:21
721,Owner,Власник,Владелец,Propietario,2022-10-25 21:09:56,2023-03-03 18:12:21
722,Page,Сторінка,Страница,Página,2022-10-25 21:09:56,2023-03-03 18:12:21
723,Painting,Картина,Картина,Pintura,2022-10-25 21:09:56,2023-03-03 18:12:21
724,Paper,Папір,Бумага,Papel,2022-10-25 21:09:56,2023-03-03 18:12:21
725,Part,Частина,Часть,Parte,2022-10-25 21:09:56,2023-03-03 18:12:21
726,Passenger,Пасажир,Пассажир,Pasajero,2022-10-25 21:09:56,2023-03-03 18:12:21
727,Passion,Пристрасть,Страсть,Pasión,2022-10-25 21:09:56,2023-03-03 18:12:21
728,Patience,Терпіння,Терпение,Paciencia,2022-10-25 21:09:56,2023-03-03 18:12:21
729,Payment,Оплата,Оплата,Pago,2022-10-25 21:09:56,2023-03-03 18:12:21
730,Penalty,Штраф,Штраф,Pena,2022-10-25 21:09:56,2023-03-03 18:12:21
731,People,Люди,Люди,Gente,2022-10-25 21:09:56,2023-03-03 18:12:21
732,Percentage,Відсоток,Процент,Porcentaje,2022-10-25 21:09:56,2023-03-03 18:12:21
733,Perception,Сприйняття,Восприятие,Percepción,2022-10-25 21:09:56,2023-03-03 18:12:21
734,Performance,Продуктивність,Производительность,Rendimiento,2022-10-25 21:09:56,2023-03-03 18:12:21
735,Period,Період,Период,Período,2022-10-25 21:09:56,2023-03-03 18:12:21
736,Permission,Дозвіл,Разрешение,Permiso,2022-10-25 21:09:56,2023-03-03 18:12:21
737,Person,Людина,Человек,Persona,2022-10-25 21:09:56,2023-03-03 18:12:21
738,Personality,Особистість,Личность,Personalidad,2022-10-25 21:09:56,2023-03-03 18:12:21
739,Perspective,Перспектива,Перспектива,Perspectiva,2022-10-25 21:09:56,2023-03-03 18:12:21
740,Philosophy,Філософія,Философия,Filosofía,2022-10-25 21:09:56,2023-03-03 18:12:21
741,Phone,Телефон,Телефон,Teléfono,2022-10-25 21:09:56,2023-03-03 18:12:21
742,Photo,Фото,Фото,Foto,2022-10-25 21:09:56,2023-03-03 18:12:21
743,Physics,Фізика,Физика,Física,2022-10-25 21:09:56,2023-03-03 18:12:21
744,Piano,Фортепіано,Фортепиано,Piano,2022-10-25 21:09:56,2023-03-03 18:12:21
745,Picture,Зображення,Изображение,Imagen,2022-10-25 21:09:56,2023-03-03 18:12:21
746,Pie,Пиріг,Пирог,Pastel,2022-10-25 21:09:56,2023-03-03 18:12:21
747,Piece,Частина,Часть,Pieza,2022-10-25 21:09:56,2023-03-03 18:12:21
748,Pizza,Піца,Пицца,Pizza,2022-10-25 21:09:56,2023-03-03 18:12:21
749,Place,Місце,Место,Lugar,2022-10-25 21:09:56,2023-03-03 18:12:21
750,Plan,План,План,Plan,2022-10-25 21:09:56,2023-03-03 18:12:21
751,Platform,Платформа,Платформа,Plataforma,2022-10-25 21:09:56,2023-03-03 18:12:21
752,Player,Гравець,Игрок,Jugador,2022-10-25 21:09:56,2023-03-03 18:12:21
753,Poem,Поема,Поэма,Poema,2022-10-25 21:09:56,2023-03-03 18:12:21
754,Poet,Поет,Поэт,Poeta,2022-10-25 21:09:56,2023-03-03 18:12:21
755,Poetry,Поезія,Поэзия,Poesía,2022-10-25 21:09:56,2023-03-03 18:12:21
756,Police,Поліція,Полиция,Policía,2022-10-25 21:09:56,2023-03-03 18:12:21
757,Policy,Політика,Политика,Política,2022-10-25 21:09:56,2022-10-25 21:09:56
758,Politics,Політика,Политика,Política,2022-10-25 21:09:56,2023-03-03 18:12:21
759,Pollution,Забруднення,Загрязнение,Contaminación,2022-10-25 21:09:56,2023-03-03 18:12:22
760,Population,Населення,Население,Población,2022-10-25 21:09:56,2023-03-03 18:12:22
761,Position,Посада,Должность,Posición,2022-10-25 21:09:56,2023-03-03 18:12:22
762,Possession,Володіння,Владение,Posesión,2022-10-25 21:09:56,2023-03-03 18:12:22
763,Possibility,Можливість,Возможность,Posibilidad,2022-10-25 21:09:56,2023-03-03 18:12:22
764,Post,Повідомлення,Сообщение,Publicar,2022-10-25 21:09:56,2023-03-03 18:12:22
765,Pot,Горщик,Горшок,Olla,2022-10-25 21:09:56,2023-03-03 18:12:22
766,Potato,Картопля,Картофель,Patata,2022-10-25 21:09:56,2023-03-03 18:12:22
767,Power,Сила,Сила,Potencia,2022-10-25 21:09:56,2023-03-03 18:12:22
768,Practice,Практика,Практика,Práctica,2022-10-25 21:09:56,2023-03-03 18:12:22
769,Preference,Перевага,Предпочтение,Preferencia,2022-10-25 21:09:56,2023-03-03 18:12:22
770,Preparation,Підготовка,Подготовка,Preparación,2022-10-25 21:09:56,2023-03-03 18:12:22
771,Presence,Присутність,Присутствие,Presencia,2022-10-25 21:09:56,2023-03-03 18:12:22
772,Presentation,Презентація,Презентация,Presentación,2022-10-25 21:09:56,2023-03-03 18:12:22
773,President,Президент,Президент,Presidente,2022-10-25 21:09:56,2023-03-03 18:12:22
774,Pressure,Тиск,Давление,Presión,2022-10-25 21:09:56,2023-03-03 18:12:22
775,Price,Ціна,Цена,Precio,2022-10-25 21:09:56,2023-03-03 18:12:22
776,Priority,Пріоритет,Приоритет,Prioridad,2022-10-25 21:09:56,2023-03-03 18:12:22
777,Problem,Проблема,Проблема,Problema,2022-10-25 21:09:56,2023-03-03 18:12:22
778,Procedure,Процедура,Процедура,Procedimiento,2022-10-25 21:09:56,2023-03-03 18:12:22
779,Process,Процес,Процесс,Proceso,2022-10-25 21:09:56,2023-03-03 18:12:22
780,Product,Продукт,Продукт,Producto,2022-10-25 21:09:56,2023-03-03 18:12:22
781,Profession,Професія,Профессия,Profesión,2022-10-25 21:09:56,2023-03-03 18:12:22
782,Professor,Професор,Профессор,Profesor,2022-10-25 21:09:56,2023-03-03 18:12:22
783,Profit,Прибуток,Прибыль,Beneficio,2022-10-25 21:09:56,2023-03-03 18:12:22
784,Program,Програма,Программа,Programa,2022-10-25 21:09:56,2023-03-03 18:12:22
785,Promotion,Просування,Продвижение,Promoción,2022-10-25 21:09:56,2023-03-03 18:12:22
786,Property,Власність,Собственность,Propiedad,2022-10-25 21:09:56,2023-03-03 18:12:22
787,Proposal,Пропозиція,Предложение,Propuesta,2022-10-25 21:09:56,2023-03-03 18:12:22
788,Protection,Захист,Защита,Protección,2022-10-25 21:09:56,2023-03-03 18:12:22
789,Psychology,Психологія,Психология,Psicología,2022-10-25 21:09:56,2023-03-03 18:12:22
790,Purpose,Мета,Цель,Propósito,2022-10-25 21:09:56,2023-03-03 18:12:22
791,Quality,Якість,Качество,Calidad,2022-10-25 21:09:56,2023-03-03 18:12:22
792,Quantity,Кількість,Количество,Cantidad,2022-10-25 21:09:56,2023-03-03 18:12:22
793,Queen,Корольова,Королева,Reina,2022-10-25 21:09:56,2023-03-03 18:12:22
794,Question,Питання,Вопрос,Pregunta,2022-10-25 21:09:56,2023-03-03 18:12:22
795,Radio,Радіо,Радио,Radio,2022-10-25 21:09:56,2023-03-03 18:12:22
796,Range,Діапазон,Диапазон,Rango,2022-10-25 21:09:56,2023-03-03 18:12:22
797,Rate,Швидкість,Скорость,Tasa,2022-10-25 21:09:56,2023-03-03 18:12:22
798,Ratio,Ставлення,Отношение,Proporción,2022-10-25 21:09:56,2023-03-03 18:12:22
799,Reaction,Реакція,Реакция,Reacción,2022-10-25 21:09:56,2023-03-03 18:12:22
800,Reality,Реальність,Реальность,Realidad,2022-10-25 21:09:56,2023-03-03 18:12:22
801,Reason,Причина,Причина,Razón,2022-10-25 21:09:56,2023-03-03 18:12:22
802,Reception,Прийом,Прием,Recepción,2022-10-25 21:09:56,2023-03-03 18:12:22
803,Recipe,Рецепт,Рецепт,Receta,2022-10-25 21:09:56,2023-03-03 18:12:22
804,Recognition,Визнання,Признание,Reconocimiento,2022-10-25 21:09:56,2023-03-03 18:12:22
805,Recommendation,Рекомендація,Рекомендация,Recomendación,2022-10-25 21:09:56,2023-03-03 18:12:22
806,Recording,Запис,Запись,Grabación,2022-10-25 21:09:56,2023-03-03 18:12:22
807,Reflection,Відображення,Отражение,Reflexión,2022-10-25 21:09:56,2023-03-03 18:12:22
808,Refrigerator,Холодильник,Холодильник,Refrigerador,2022-10-25 21:09:56,2023-03-03 18:12:22
809,Region,Регіон,Регион,Región,2022-10-25 21:09:56,2023-03-03 18:12:22
810,Relation,Відносини,Отношения,Relación,2022-10-25 21:09:56,2022-10-25 21:09:56
811,Relationship,Відносини,Отношения,Relación,2022-10-25 21:09:56,2023-03-03 18:12:22
812,Replacement,Заміна,Замена,Reemplazo,2022-10-25 21:09:56,2023-03-03 18:12:22
813,Republic,Республіка,Республика,República,2022-10-25 21:09:56,2023-03-03 18:12:22
814,Reputation,Репутація,Репутация,Reputación,2022-10-25 21:09:56,2023-03-03 18:12:22
815,Requirement,Вимога,Требование,Requisito,2022-10-25 21:09:56,2023-03-03 18:12:22
816,Research,Дослідження,Исследование,Investigación,2022-10-25 21:09:56,2023-03-03 18:12:22
817,Resolution,Дозвіл,Разрешение,Resolución,2022-10-25 21:09:56,2023-03-03 18:12:22
818,Resource,Ресурс,Ресурс,Recurso,2022-10-25 21:09:56,2023-03-03 18:12:22
819,Response,Відповідь,Ответ,Respuesta,2022-10-25 21:09:56,2023-03-03 18:12:22
820,Responsibility,Відповідальність,Ответственность,Responsabilidad,2022-10-25 21:09:56,2023-03-03 18:12:22
821,Restaurant,Ресторан,Ресторан,Restaurante,2022-10-25 21:09:56,2023-03-03 18:12:22
822,Revenue,Дохід,Доход,Ingresos,2022-10-25 21:09:56,2023-03-03 18:12:22
823,Review,Огляд,Обзор,Revisión,2022-10-25 21:09:56,2023-03-03 18:12:22
824,Revolution,Революція,Революция,Revolución,2022-10-25 21:09:56,2023-03-03 18:12:22
825,Risk,Ризик,Риск,Riesgo,2022-10-25 21:09:56,2023-03-03 18:12:22
826,River,Річка,Река,Río,2022-10-25 21:09:56,2023-03-03 18:12:22
827,Road,Дорога,Дорога,Carretera,2022-10-25 21:09:56,2023-03-03 18:12:22
828,Rock,Рок,Рок,Roca,2022-10-25 21:09:56,2023-03-03 18:12:22
829,Role,Роль,Роль,Rol,2022-10-25 21:09:56,2023-03-03 18:12:22
830,Room,Кімната,Комната,Habitación,2022-10-25 21:09:56,2023-03-03 18:12:22
831,Rule,Правило,Правило,Regla,2022-10-25 21:09:56,2023-03-03 18:12:22
832,Safety,Безпека,Безопасность,Seguridad,2022-10-25 21:09:56,2023-03-03 18:12:22
833,Salad,Салат,Салат,Ensalada,2022-10-25 21:09:56,2023-03-03 18:12:22
834,Salt,Соль,Соль,Sal,2022-10-25 21:09:56,2023-03-03 18:12:22
835,Sample,Зразок,Образец,Muestra,2022-10-25 21:09:56,2023-03-03 18:12:22
836,Satisfaction,Задоволення,Удовлетворение,Satisfacción,2022-10-25 21:09:56,2023-03-03 18:12:22
837,Scale,Масштаб,Масштаб,Escala,2022-10-25 21:09:56,2023-03-03 18:12:22
838,Scene,Сцена,Сцена,Escena,2022-10-25 21:09:56,2023-03-03 18:12:22
839,School,Школа,Школа,Escuela,2022-10-25 21:09:56,2023-03-03 18:12:22
840,Science,Наука,Наука,Ciencia,2022-10-25 21:09:56,2023-03-03 18:12:22
841,Screen,Екран,Экран,Pantalla,2022-10-25 21:09:56,2023-03-03 18:12:22
842,Secretary,Секретар,Секретарь,Secretario,2022-10-25 21:09:56,2023-03-03 18:12:22
843,Section,Розділ,Раздел,Sección,2022-10-25 21:09:56,2023-03-03 18:12:22
844,Sector,Сектор,Сектор,Sector,2022-10-25 21:09:56,2023-03-03 18:12:22
845,Security,Безпека,Безопасность,Seguridad,2022-10-25 21:09:56,2023-03-03 18:12:22
846,Selection,Вибір,Выбор,Selección,2022-10-25 21:09:56,2023-03-03 18:12:22
847,Sense,Сенс,Смысл,Sentido,2022-10-25 21:09:56,2023-03-03 18:12:22
848,Series,Серія,Серия,Serie,2022-10-25 21:09:56,2023-03-03 18:12:22
849,Service,Сервіс,Сервис,Servicio,2022-10-25 21:09:56,2023-03-03 18:12:22
850,Session,Сеанс,Сеанс,Sesión,2022-10-25 21:09:56,2023-03-03 18:12:22
851,Setting,Налаштування,Настройка,Configuración,2022-10-25 21:09:56,2023-03-03 18:12:22
852,Shape,Форма,Форма,Forma,2022-10-25 21:09:56,2023-03-03 18:12:22
853,Shirt,Сорочка,Рубашка,Camisa,2022-10-25 21:09:56,2023-03-03 18:12:22
854,Side,Сторона,Сторона,Lado,2022-10-25 21:09:56,2023-03-03 18:12:22
855,Sign,Знак,Знак,Signo,2022-10-25 21:09:56,2023-03-03 18:12:22
856,Signature,Підпис,Подпись,Firma,2022-10-25 21:09:56,2023-03-03 18:12:22
857,Significance,Значення,Значение,Significado,2022-10-25 21:09:56,2023-03-03 18:12:22
858,Singer,Співачка,Певица,Cantante,2022-10-25 21:09:56,2023-03-03 18:12:22
859,Sir,Сер,Сэр,Señor,2022-10-25 21:09:56,2023-03-03 18:12:22
860,Sister,Сестра,Сестра,Hermana,2022-10-25 21:09:56,2023-03-03 18:12:22
861,Site,Сайт,Сайт,Sitio,2022-10-25 21:09:56,2023-03-03 18:12:22
862,Situation,Ситуація,Ситуация,Situación,2022-10-25 21:09:56,2023-03-03 18:12:22
863,Size,Розмір,Размер,Tamaño,2022-10-25 21:09:56,2023-03-03 18:12:22
864,Skill,Навичка,Навык,Habilidad,2022-10-25 21:09:56,2023-03-03 18:12:22
865,Society,Суспільство,Общество,Sociedad,2022-10-25 21:09:56,2023-03-03 18:12:22
866,Software,Програмне Забезпечення,Программное Обеспечение,Software,2022-10-25 21:09:56,2023-03-06 13:20:16
867,Soil,Грунт,Почва,Suelo,2022-10-25 21:09:56,2023-03-03 18:12:22
868,Solution,Рішення,Решение,Solución,2022-10-25 21:09:56,2023-03-03 18:12:22
869,Son,Син,Сын,Hijo,2022-10-25 21:09:56,2023-03-03 18:12:22
870,Song,Пісня,Песня,Canción,2022-10-25 21:09:56,2023-03-03 18:12:22
871,Soup,Суп,Суп,Sopa,2022-10-25 21:09:56,2023-03-03 18:12:22
872,Source,Джерело,Источник,Fuente,2022-10-25 21:09:56,2023-03-03 18:12:22
873,Space,Простір,Пространство,Espacio,2022-10-25 21:09:56,2023-03-03 18:12:22
874,Speaker,Динамік,Динамик,Altavoz,2022-10-25 21:09:56,2023-03-03 18:12:22
875,Speech,Мова,Речь,Discurso,2022-10-25 21:09:56,2023-03-03 18:12:22
876,Sport,Спорт,Спорт,Deporte,2022-10-25 21:09:56,2023-03-03 18:12:22
877,Square,Квадрат,Квадрат,Cuadrado,2022-10-25 21:09:56,2023-03-03 18:12:22
878,Standard,Стандарт,Стандарт,Estándar,2022-10-25 21:09:56,2023-03-03 18:12:22
879,Star,Зірка,Звезда,Estrella,2022-10-25 21:09:56,2023-03-03 18:12:22
880,Statement,Твердження,Утверждение,Declaración,2022-10-25 21:09:56,2023-03-03 18:12:22
881,Steak,Стейк,Стейк,Bistec,2022-10-25 21:09:56,2023-03-03 18:12:22
882,Step,Крок,Шаг,Paso,2022-10-25 21:09:56,2023-03-03 18:12:22
883,Stock,Запас,Запас,Stock,2022-10-25 21:09:56,2023-03-03 18:12:22
884,Storage,Зберігання,Хранение,Almacenamiento,2022-10-25 21:09:57,2023-03-03 18:12:22
885,Store,Магазин,Магазин,Tienda,2022-10-25 21:09:57,2023-03-03 18:12:22
886,Story,Історія,История,Historia,2022-10-25 21:09:57,2023-03-03 18:12:22
887,Stranger,Незнайомець,Незнакомец,Extraño,2022-10-25 21:09:57,2023-03-03 18:12:22
888,Strategy,Стратегія,Стратегия,Estrategia,2022-10-25 21:09:57,2023-03-03 18:12:22
889,Stress,Стрес,Стресс,Estrés,2022-10-25 21:09:57,2023-03-03 18:12:22
890,Structure,Структура,Структура,Estructura,2022-10-25 21:09:57,2023-03-03 18:12:22
891,Student,Студент,Студент,Estudiante,2022-10-25 21:09:57,2023-03-03 18:12:22
892,Studio,Студія,Студия,Estudio,2022-10-25 21:09:57,2023-03-03 18:12:22
893,Style,Стиль,Стиль,Estilo,2022-10-25 21:09:57,2023-03-03 18:12:22
894,Subject,Тема,Тема,Asunto,2022-10-25 21:09:57,2023-03-03 18:12:22
895,Success,Успіх,Успех,Éxito,2022-10-25 21:09:57,2023-03-03 18:12:22
896,Suggestion,Пропозиція,Предложение,Sugerencia,2022-10-25 21:09:57,2023-03-03 18:12:22
897,Sun,Сонце,Солнце,Sol,2022-10-25 21:09:57,2023-03-03 18:12:22
898,Supermarket,Супермаркет,Супермаркет,Supermercado,2022-10-25 21:09:57,2023-03-03 18:12:22
899,Surgery,Хірургія,Хирургия,Cirugía,2022-10-25 21:09:57,2023-03-03 18:12:22
900,Sympathy,Симпатія,Симпатия,Simpatía,2022-10-25 21:09:57,2023-03-03 18:12:22
901,System,Система,Система,Sistema,2022-10-25 21:09:57,2023-03-03 18:12:22
902,Table,Таблиця,Таблица,Tabla,2022-10-25 21:09:57,2023-03-03 18:12:23
903,Tale,Казка,Сказка,Cuento,2022-10-25 21:09:57,2023-03-03 18:12:23
904,Task,Завдання,Задача,Tarea,2022-10-25 21:09:57,2023-03-03 18:12:23
905,Tax,Податок,Налог,Impuesto,2022-10-25 21:09:57,2023-03-03 18:12:23
906,Tea,Чай,Чай,Té,2022-10-25 21:09:57,2023-03-03 18:12:23
907,Teacher,Вчитель,Учитель,Profesor,2022-10-25 21:09:57,2023-03-03 18:12:23
908,Technology,Технологія,Технология,Tecnología,2022-10-25 21:09:57,2023-03-03 18:12:23
909,Television,Телебачення,Телевидение,Televisión,2022-10-25 21:09:57,2023-03-06 13:20:16
910,Temperature,Температура,Температура,Temperatura,2022-10-25 21:09:57,2023-03-06 13:20:16
911,Tennis,Теніс,Теннис,Tenis,2022-10-25 21:09:57,2023-03-06 13:20:16
912,Tension,Напруга,Напряжение,Tensión,2022-10-25 21:09:57,2023-03-06 13:20:16
913,Term,Термін,Срок,Término,2022-10-25 21:09:57,2023-03-06 13:20:16
914,Test,Тест,Тест,Prueba,2022-10-25 21:09:57,2023-03-06 13:20:16
915,Thanks,Спасибі,Спасибо,Gracias,2022-10-25 21:09:57,2023-03-06 13:20:16
916,Theory,Теорія,Теория,Teoría,2022-10-25 21:09:57,2023-03-06 13:20:16
917,Thing,Річ,Вещь,Cosa,2022-10-25 21:09:57,2023-03-06 13:20:16
918,Thought,Думка,Мысль,Pensamiento,2022-10-25 21:09:57,2023-03-06 13:20:16
919,Throat,Горло,Горло,Garganta,2022-10-25 21:09:57,2023-03-06 13:20:16
920,Time,Час,Время,Hora,2022-10-25 21:09:57,2023-03-06 13:20:16
921,Tongue,Мова,Язык,Lengua,2022-10-25 21:09:57,2023-03-06 13:20:16
922,Tool,Інструмент,Инструмент,Herramienta,2022-10-25 21:09:57,2023-03-06 13:20:16
923,Tooth,Зуб,Зуб,Diente,2022-10-25 21:09:57,2023-03-06 13:20:16
924,Top,Верх,Верх,Arriba,2022-10-25 21:09:57,2023-03-06 13:20:16
925,Topic,Тема,Тема,Tema,2022-10-25 21:09:57,2023-03-06 13:20:16
926,Town,Місто,Город,Ciudad,2022-10-25 21:09:57,2023-03-06 13:20:16
927,Trade,Торгівля,Торговля,Comercio,2022-10-25 21:09:57,2023-03-06 13:20:16
928,Tradition,Традиція,Традиция,Tradición,2022-10-25 21:09:57,2023-03-06 13:20:16
929,Trainer,Тренер,Тренер,Entrenador,2022-10-25 21:09:57,2023-03-06 13:20:16
930,Training,Навчання,Обучение,Entrenamiento,2022-10-25 21:09:57,2023-03-06 13:20:16
931,Transportation,Транспорт,Транспорт,Transporte,2022-10-25 21:09:57,2023-03-06 13:20:16
932,Truth,Правда,Правда,Verdad,2022-10-25 21:09:57,2023-03-06 13:20:16
933,Two,Два,Два,Dos,2022-10-25 21:09:57,2023-03-06 13:20:16
934,Uncle,Дядя,Дядя,Tío,2022-10-25 21:09:57,2023-03-03 18:12:23
935,Understanding,Розуміння,Понимание,Entendimiento,2022-10-25 21:09:57,2023-03-03 18:12:23
936,Union,Союз,Союз,Unión,2022-10-25 21:09:57,2023-03-03 18:12:23
937,Unit,Блок,Блок,Unidad,2022-10-25 21:09:57,2023-03-03 18:12:23
938,University,Університет,Университет,Universidad,2022-10-25 21:09:57,2023-03-03 18:12:23
939,User,Користувач,Пользователь,Usuario,2022-10-25 21:09:57,2023-03-03 18:12:23
940,Value,Значення,Значение,Valor,2022-10-25 21:09:57,2023-03-03 18:12:23
941,Variation,Варіація,Вариация,Variación,2022-10-25 21:09:57,2023-03-03 18:12:23
942,Variety,Різновид,Разновидность,Variedad,2022-10-25 21:09:57,2023-03-03 18:12:23
943,Vehicle,Транспортний Засіб,Транспортное Средство,Vehículo,2022-10-25 21:09:57,2023-03-06 13:20:16
944,Version,Версія,Версия,Versión,2022-10-25 21:09:57,2023-03-03 18:12:23
945,Video,Відео,Видео,Video,2022-10-25 21:09:57,2023-03-03 18:12:23
946,View,Вид,Вид,Ver,2022-10-25 21:09:57,2023-03-03 18:12:23
947,Village,Дере Вня,Деревня,Aldea,2022-10-25 21:09:57,2023-03-06 13:20:16
948,Virus,Вірус,Вирус,Virus,2022-10-25 21:09:57,2023-03-03 18:12:23
949,Voice,Голос,Голос,Voz,2022-10-25 21:09:57,2023-03-03 18:12:23
950,Volume,Гучність,Громкость,Volumen,2022-10-25 21:09:57,2023-03-03 18:12:23
951,War,Війна,Война,Guerra,2022-10-25 21:09:57,2023-03-03 18:12:23
952,Warning,Попередження,Предупреждение,Advertencia,2022-10-25 21:09:57,2023-03-03 18:12:23
953,Water,Вода,Вода,Agua,2022-10-25 21:09:57,2023-03-03 18:12:23
954,Way,Шлях,Путь,Forma,2022-10-25 21:09:57,2023-03-03 18:12:23
955,Weakness,Слабкість,Слабость,Debilidad,2022-10-25 21:09:57,2023-03-03 18:12:23
956,Wealth,Багатство,Богатство,Riqueza,2022-10-25 21:09:57,2023-03-03 18:12:23
957,Weather,Погода,Погода,Clima,2022-10-25 21:09:57,2023-03-03 18:12:23
958,Web,Веб,Веб,Web,2022-10-25 21:09:57,2023-03-03 18:12:23
959,Wedding,Одруження,Среда Дин,Miércoles Ding,2022-10-25 21:09:57,2023-03-06 13:17:26
960,Week,Тиждень,Неделя,Semana,2022-10-25 21:09:57,2023-03-06 13:20:16
961,While,Поки,Пока,Mientras,2022-10-25 21:09:57,2023-03-06 13:20:16
962,Wife,Дружина,Жена,Esposa,2022-10-25 21:09:57,2023-03-06 13:20:16
963,Wind,Вітер,Ветер,Viento,2022-10-25 21:09:57,2023-03-06 13:20:16
964,Winner,Переможець,Победитель,Ganador,2022-10-25 21:09:57,2023-03-06 13:20:16
965,Woman,Жінка,Женщина,Mujer,2022-10-25 21:09:57,2023-03-06 13:20:16
966,Wood,Дерево,Дерево,Madera,2022-10-25 21:09:57,2023-03-06 13:20:16
967,Word,Слово,Слово,Palabra,2022-10-25 21:09:57,2023-03-06 13:20:16
968,Work,Робота,Работа,Trabajo,2022-10-25 21:09:57,2023-03-06 13:20:16
969,Worker,Робітник,Рабочий,Trabajador,2022-10-25 21:09:57,2023-03-06 13:20:16
970,World,Світ,Мир,Mundo,2022-10-25 21:09:57,2023-03-06 13:20:16
971,Writer,Письменник,Писатель,Escritor,2022-10-25 21:09:57,2023-03-06 13:20:16
972,Writing,Лист,Письмо,Escritura,2022-10-25 21:09:57,2023-03-06 13:20:16
973,Year,Рік,Год,Año,2022-10-25 21:09:57,2023-03-06 13:20:16
974,Youth,Молодь,Молодежь,Juventud,2022-10-25 21:09:57,2023-03-06 13:20:16
975,Armchair,Крісло,Кресло,Sillón,2022-10-25 21:09:57,2023-03-06 13:20:16
976,Bermudas,Бермуди,Бермуды,Bermudas,2022-10-25 21:09:57,2023-03-06 13:20:16
977,Beans,Квасоля,Фасоль,Frijoles,2022-10-25 21:09:57,2023-03-06 13:20:16
978,Balloon,Повітряна Куля,Воздушный Шар,Globo,2022-10-25 21:09:57,2023-03-06 13:20:16
979,Bear,Ведмідь,Медведь,Oso,2022-10-25 21:09:57,2023-03-06 13:20:16
980,Blouse,Блузка,Блузка,Blusa,2022-10-25 21:09:57,2023-03-06 13:20:16
981,Bed,Ліжко,Кровать,Cama,2022-10-25 21:09:57,2023-03-06 13:20:16
982,Baby,Дитина,Ребенок,Bebé,2022-10-25 21:09:57,2023-03-06 13:20:16
983,Blender,Блендер,Блендер,Licuadora,2022-10-25 21:09:57,2023-03-06 13:20:16
984,Bucket,Відро,Ведро,Cubo,2022-10-25 21:09:57,2023-03-03 18:12:23
985,Bakery,Пекарня,Пекарня,Panadería,2022-10-25 21:09:57,2023-03-03 18:12:23
986,Bow,Лук,Лук,Arco,2022-10-25 21:09:57,2023-03-03 18:12:23
987,Bridge,Міст,Мост,Puente,2022-10-25 21:09:57,2023-03-03 18:12:23
988,Cow,Корова,Корова,Vaca,2022-10-25 21:09:57,2023-03-03 18:12:23
989,Cap,Кришка,Крышка,Gorra,2022-10-25 21:09:57,2023-03-03 18:12:23
990,Cooker,Плита,Плита,Cocina,2022-10-25 21:09:57,2023-03-03 18:12:23
991,Cheeks,Щоки,Щеки,Mejillas,2022-10-25 21:09:57,2023-03-03 18:12:23
992,Crest,Хрест,Крест,Cresta,2022-10-25 21:09:57,2023-03-03 18:12:23
993,Chair,Стілець,Стул,Silla,2022-10-25 21:09:57,2023-03-03 18:12:23
994,Candy,Цукерки,Конфеты,Caramelo,2022-10-25 21:09:57,2023-03-03 18:12:23
995,Charlie,Чарлі,Чарли,Charlie,2022-10-25 21:09:57,2023-03-03 18:12:23
996,Deer,Олень,Олень,Ciervo,2022-10-25 21:09:57,2023-03-03 18:12:23
997,Donkey,Ослик,Ослик,Burro,2022-10-25 21:09:57,2023-03-03 18:12:23
998,Desktop,Робочий Стіл,Рабочий Стол,Escritorio,2022-10-25 21:09:57,2023-03-06 13:20:16
999,Dentist,Стоматолог,Стоматолог,Dentista,2022-10-25 21:09:57,2023-03-03 18:12:23
1000,Drum,Барабан,Барабан,Tambor,2022-10-25 21:09:57,2023-03-03 18:12:23
1001,Dresser,Комод,Комод,Tocador,2022-10-25 21:09:57,2023-03-03 18:12:23
1002,Designer,Дизайнер,Дизайнер,Diseñador,2022-10-25 21:09:57,2023-03-03 18:12:23
1003,Detective,Детектив,Детектив,Detective,2022-10-25 21:09:57,2023-03-03 18:12:23
1004,Frog,Жаба,Лягушка,Rana,2022-10-25 21:09:57,2023-03-03 18:12:23
1005,Fan,Вентилятор,Вентилятор,Ventilador,2022-10-25 21:09:57,2023-03-03 18:12:23
1006,Freezer,Морозильник,Морозильник,Congelador,2022-10-25 21:09:57,2023-03-03 18:12:23
1007,Foot,Нога,Нога,Pie,2022-10-25 21:09:57,2023-03-03 18:12:23
1008,Flag,Прапор,Флаг,Bandera,2022-10-25 21:09:57,2023-03-03 18:12:23
1009,Hamburger,Гамбургер,Гамбургер,Hamburguesa,2022-10-25 21:09:57,2023-03-03 18:12:23
1010,Jewelry,Прикраси,Украшения,Joyas,2022-10-25 21:09:57,2023-03-06 13:20:16
1011,Awe,Трепет,Трепет,Asombro,2022-10-25 21:09:57,2023-03-06 13:20:16
1012,Beauty,Краса,Красота,Belleza,2022-10-25 21:09:57,2023-03-06 13:20:16
1013,Belief,Віра,Вера,Creencia,2022-10-25 21:09:57,2023-03-06 13:20:16
1014,Clarity,Ясність,Ясность,Claridad,2022-10-25 21:09:57,2023-03-06 13:20:16
1015,Cleverness,Розум,Ум,Astucia,2022-10-25 21:09:57,2023-03-06 13:20:16
1016,Contentment,Достаток,Довольство,Satisfacción,2022-10-25 21:09:57,2023-03-06 13:20:16
1017,Crime,Злочин,Преступление,Crimen,2022-10-25 21:09:57,2023-03-06 13:20:16
1018,Happiness,Щастя,Счастье,Felicidad,2022-10-25 21:09:57,2023-03-06 13:20:16
1019,Hatred,Ненависть,Ненависть,Odio,2022-10-25 21:09:57,2023-03-06 13:20:16
1020,Insanity,Божевілля,Безумие,Locura,2022-10-25 21:09:57,2023-03-06 13:20:16
1021,Intelligence,Інтелект,Интеллект,Inteligencia,2022-10-25 21:09:57,2023-03-06 13:20:16
1022,Joy,Радість,Радость,Alegría,2022-10-25 21:09:57,2023-03-06 13:20:16
1023,Justice,Справедливість,Справедливость,Justicia,2022-10-25 21:09:57,2023-03-06 13:20:16
1024,Kindness,Доброта,Доброта,Bondad,2022-10-25 21:09:57,2023-03-06 13:20:16
1025,Laughter,Сміх,Смех,Risa,2022-10-25 21:09:57,2023-03-06 13:20:16
1026,Liberty,Свобода,Свобода,Libertad,2022-10-25 21:09:57,2023-03-06 13:20:16
1027,Luck,Удача,Удача,Suerte,2022-10-25 21:09:57,2023-03-06 13:20:16
1028,Luxury,Розкіш,Роскошь,Lujo,2022-10-25 21:09:57,2023-03-06 13:20:16
1029,Maturity,Зрілість,Зрелость,Madurez,2022-10-25 21:09:57,2023-03-06 13:20:16
1030,Pain,Біль,Боль,Dolor,2022-10-25 21:09:57,2023-03-06 13:20:16
1031,Principle,Принцип,Принцип,Principio,2022-10-25 21:09:57,2023-03-06 13:20:16
1032,Relaxation,Розслаблення,Расслабление,Relajación,2022-10-25 21:09:57,2023-03-06 13:20:16
1033,Sanity,Розсудливість,Здравомыслие,Cordura,2022-10-25 21:09:57,2023-03-06 13:20:16
1034,Self,Себе,Себя,Auto,2022-10-25 21:09:57,2023-03-03 18:12:23
1035,Speed,Швидкість,Скорость,Velocidad,2022-10-25 21:09:57,2023-03-03 18:12:23
1036,Strenght,Сила,Сила,Fuerza,2022-10-25 21:09:57,2023-03-03 18:12:23
1037,Strictness,Строгість,Строгость,Estrictez,2022-10-25 21:09:57,2023-03-03 18:12:23
1038,Tiredness,Втома,Усталость,Cansancio,2022-10-25 21:09:57,2023-03-03 18:12:23
1039,Tolerance,Терпимість,Терпимость,Tolerancia,2022-10-25 21:09:57,2023-03-03 18:12:23
1040,Trend,Тренд,Тренд,Tendencia,2022-10-25 21:09:57,2023-03-03 18:12:23
1041,Unreality,Нереальність,Нереальность,Irrealidad,2022-10-25 21:09:57,2023-03-03 18:12:23
1042,Victory,Перемога,Победа,Victoria,2022-10-25 21:09:57,2023-03-03 18:12:23
1043,Wariness,Обережність,Осторожность,Recelo,2022-10-25 21:09:57,2023-03-03 18:12:23
1044,Warmth,Тепло,Тепло,Calidez,2022-10-25 21:09:57,2023-03-03 18:12:23
1045,Tree,Дерево,Дерево,Árbol,2022-10-25 21:09:57,2023-03-03 18:12:23
1046,Friend,Друг,Друг,Amigo,2022-10-25 21:09:57,2023-03-03 18:12:23
1047,Adulthood,Дорослість,Взрослость,Edad Adulta,2022-10-25 21:09:57,2023-03-06 13:17:27
1048,Botany,Ботаніка,Ботаника,Botánica,2022-10-25 21:09:57,2023-03-03 18:12:23
1049,Bacon,Бекон,Бекон,Tocino,2022-10-25 21:09:57,2023-03-03 18:12:23
1050,Chaos,Хаос,Хаос,Caos,2022-10-25 21:09:57,2023-03-03 18:12:23
1051,Clothing,Одяг,Одежда,Ropa,2022-10-25 21:09:57,2023-03-03 18:12:23
1052,Confidence,Впевненість,Уверенность,Confianza,2022-10-25 21:09:57,2023-03-03 18:12:24
1053,Compassion,Співчуття,Сострадание,Compasión,2022-10-25 21:09:57,2023-03-03 18:12:24
1054,Calm,Спокій,Спокойствие,Calma,2022-10-25 21:09:57,2023-03-03 18:12:24
1055,Cotton,Бавовна,Хлопок,Algodón,2022-10-25 21:09:57,2023-03-03 18:12:24
1056,Danger,Небезпека,Опасность,Peligro,2022-10-25 21:09:57,2023-03-03 18:12:24
1057,Dancing,Танці,Танцы,Baile,2022-10-25 21:09:57,2023-03-03 18:12:24
1058,Duty,Борг,Долг,Deber,2022-10-25 21:09:57,2023-03-03 18:12:24
1059,Fame,Слава,Слава,Fama,2022-10-25 21:09:57,2023-03-06 13:20:16
1060,Glass,Скло,Стекло,Vidrio,2022-10-25 21:09:57,2023-03-06 13:20:16
1061,Grass,Трава,Трава,Césped,2022-10-25 21:09:57,2023-03-06 13:20:16
1062,Golf,Гольф,Гольф,Golf,2022-10-25 21:09:57,2023-03-06 13:20:16
1063,Hardware,Обладнання,Оборудование,Hardware,2022-10-25 21:09:57,2023-03-06 13:20:16
1064,Hydrogen,Водень,Водород,Hidrógeno,2022-10-25 21:09:57,2023-03-06 13:20:16
1065,Hunger,Голод,Голод,Hambre,2022-10-25 21:09:57,2023-03-06 13:20:16
1066,Jealousy,Ревнощі,Ревность,Celos,2022-10-25 21:09:57,2023-03-06 13:20:16
1067,Jam,Варення,Варенье,Mermelada,2022-10-25 21:09:57,2023-03-06 13:20:16
1068,Jewelery,Прикраси,Украшения,Joyería,2022-10-25 21:09:57,2023-03-06 13:20:16
1069,Innocence,Невинність,Невинность,Inocencia,2022-10-25 21:09:57,2023-03-06 13:20:16
1070,Iron,Залізо,Железо,Hierro,2022-10-25 21:09:58,2023-03-06 13:20:16
1071,Linguistics,Лінгвістика,Лингвистика,Lingüística,2022-10-25 21:09:58,2023-03-06 13:20:16
1072,Loneliness,Самотність,Одиночество,Soledad,2022-10-25 21:09:58,2023-03-06 13:20:16
1073,Nurture,Виховання,Воспитание,Crianza,2022-10-25 21:09:58,2023-03-06 13:20:16
1074,Herd,Стадо,Стадо,Rebaño,2022-10-25 21:09:58,2023-03-06 13:20:16
1075,Pack,Зграя,Стая,Pack,2022-10-25 21:09:58,2023-03-06 13:20:16
1076,Flock,Стадо,Стадо,Bandada,2022-10-25 21:09:58,2023-03-06 13:20:16
1077,Swarm,Рій,Рой,Enjambre,2022-10-25 21:09:58,2023-03-06 13:20:16
1078,Shoal,Косяк,Косяк,Bajío,2022-10-25 21:09:58,2023-03-06 13:20:16
1079,Crowd,Натовп,Толпа,Multitud,2022-10-25 21:09:58,2023-03-06 13:20:16
1080,Gang,Банда,Банда,Pandilla,2022-10-25 21:09:58,2023-03-06 13:20:16
1081,Mob,Натовп,Толпа,Mafia,2022-10-25 21:09:58,2023-03-06 13:20:16
1082,Staff,Персонал,Персонал,Personal,2022-10-25 21:09:58,2023-03-06 13:20:16
1083,Crew,Екіпаж,Экипаж,Tripulación,2022-10-25 21:09:58,2023-03-03 18:12:24
1084,Choir,Хор,Хор,Coro,2022-10-25 21:09:58,2023-03-06 13:17:27
1085,Orchestra,Оркестр,Оркестр,Orquesta,2022-10-25 21:09:58,2023-03-06 13:17:27
1086,Panel,Панель,Панель,Panel,2022-10-25 21:09:58,2023-03-06 13:17:27
1087,Troupe,Трупа,Труппа,Compañía,2022-10-25 21:09:58,2023-03-06 13:17:27
1088,Bunch,Зв'язка,Связка,Racimo,2022-10-25 21:09:58,2023-03-06 13:17:27
1089,Pile,Паля,Свая,Pila,2022-10-25 21:09:58,2023-03-06 13:17:27
1090,Heap,Купа,Куча,Montón,2022-10-25 21:09:58,2023-03-06 13:17:27
1091,Stack,Стек,Стек,Pila,2022-10-25 21:09:58,2023-03-06 13:17:27
1092,Shower,Душ,Душ,Ducha,2022-10-25 21:09:58,2023-03-06 13:17:27
1093,Airline,Авіакомпанія,Авиакомпания,Aerolínea,2022-10-25 21:09:58,2023-03-06 13:17:27
1094,Aircraft,Літак,Самолет,Aeronave,2022-10-25 21:09:58,2023-03-06 13:17:27
1095,Battlefield,Поле Битви,Поле Битвы,Campo De Batalla,2022-10-25 21:09:58,2023-03-06 13:20:16
1096,Briefcase,Портфель,Портфель,Maletín,2022-10-25 21:09:58,2023-03-06 13:17:27
1097,Butterfly,Метелик,Бабочка,Mariposa,2022-10-25 21:09:58,2023-03-06 13:17:27
1098,Countdown,Коу Ntdown,Коу Ntdown,Cou Ntdown,2022-10-25 21:09:58,2023-03-06 13:20:16
1099,Comeback,Повернення,Возвращение,Comeback,2022-10-25 21:09:58,2023-03-06 13:20:16
1100,Background,Фон,Фон,Fondo,2022-10-25 21:09:58,2023-03-06 13:20:16
1101,Cupboard,Шафа,Шкаф,Armario,2022-10-25 21:09:58,2023-03-06 13:20:16
1102,Chopstick,Палички Для Їжі,Палочки Для Еды,Palillo,2022-10-25 21:09:58,2023-03-06 13:20:16
1103,Classmate,Однокласник,Одноклассник,Compañero De Clase,2022-10-25 21:09:58,2023-03-06 13:20:16
1104,Daredevil,Сміливець,Смельчак,Daredevil,2022-10-25 21:09:58,2023-03-06 13:20:16
1105,Daydream,Мрія,Мечта,Daydream,2022-10-25 21:09:58,2023-03-06 13:20:16
1106,Dragonfly,Бабка,Стрекоза,Dragonfly,2022-10-25 21:09:58,2023-03-06 13:20:16
1107,Everybody,Все,Все,Todos,2022-10-25 21:09:58,2023-03-06 13:20:16
1108,Everything,Все,Все,Todo,2022-10-25 21:09:58,2023-03-06 13:20:16
1109,Fireworks,Феєрверк,Фейерверк,Fuegos Artificiales,2022-10-25 21:09:58,2023-03-06 13:20:17
1110,Footprint,Слід,След,Huella,2022-10-25 21:09:58,2023-03-06 13:20:17
1111,Greenhouse,Теплиця,Теплица,Invernadero,2022-10-25 21:09:58,2023-03-06 13:20:17
1112,Hallway,Передпокій,Прихожая,Pasillo,2022-10-25 21:09:58,2023-03-06 13:20:17
1113,Handcuff,Наручники,Наручники,Esposas,2022-10-25 21:09:58,2023-03-06 13:20:17
1114,Haircut,Стрижка,Стрижка,Corte De Pelo,2022-10-25 21:09:58,2023-03-06 13:20:17
1115,Horsefly,Сліпінь,Слепень,Horsefly,2022-10-25 21:09:58,2023-03-06 13:20:17
1116,Houseboat,Плавучий Будинок,Плавучий Дом,Houseboat,2022-10-25 21:09:58,2023-03-06 13:20:17
1117,Moonlight,Місячне Світло,Лунный Свет,Moonlight,2022-10-25 21:09:58,2023-03-06 13:20:17
1118,Myself,Я,Я,Yo Mismo,2022-10-25 21:09:58,2023-03-06 13:20:17
1119,Notebook,Блокнот,Ноутбук,Notebook,2022-10-25 21:09:58,2023-03-06 13:20:17
1120,Overdue,Прострочений,Просроченный,Vencido,2022-10-25 21:09:58,2023-03-06 13:20:17
1121,Pancake,Млинець,Блин,Panqueque,2022-10-25 21:09:58,2023-03-06 13:20:17
1122,Partnership,Партнерство,Партнерство,Asociación,2022-10-25 21:09:58,2023-03-06 13:20:17
1123,Photocopy,Ксерокопія,Ксерокопия,Fotocopia,2022-10-25 21:09:58,2023-03-03 18:12:24
1124,Raincoat,Дощовик,Дождевик,Impermeable,2022-10-25 21:09:58,2023-03-03 18:12:24
1125,Rattlesnake,Гримуча Змія,Гремучая Змея,Serpiente De Cascabel,2022-10-25 21:09:58,2023-03-06 13:20:17
1126,Ringworm,Стригучий Черв'як,Стригущий Червь,Tiña,2022-10-25 21:09:58,2023-03-06 13:20:17
1127,Skyscraper,Хмарочос,Небоскреб,Rascacielos,2022-10-25 21:09:58,2023-03-03 18:12:24
1128,Sandcastle,Замок З Піску,Замок Из Песка,Castillo De Arena,2022-10-25 21:09:58,2023-03-06 13:20:17
1129,Snowboard,Сноуборд,Сноуборд,Snowboard,2022-10-25 21:09:58,2023-03-03 18:12:24
1130,Sunshine,Сонце,Солнце,Sol,2022-10-25 21:09:58,2023-03-03 18:12:24
1131,Teardrop,Сльоза,Слеза,Lágrima,2022-10-25 21:09:58,2023-03-03 18:12:24
1132,Teacup,Чашка,Чашка,Taza De Té,2022-10-25 21:09:58,2023-03-06 13:17:27
1133,Teapot,Чайник,Чайник,Tetera,2022-10-25 21:09:58,2023-03-03 18:12:24
1134,Thunderstorm,Гроза,Гроза,Tormenta,2022-10-25 21:09:58,2023-03-03 18:12:24
1135,Timetable,Розклад,Расписание,Horario,2022-10-25 21:09:58,2023-03-03 18:12:24
